1;B01320DC-DC3E-4617-A6C3-FB6B90E1C0EA;A46A373B-38BD-4C61-A31B-336B4896B0DF
2;B01320DC-DC3E-4617-A6C3-FB6B90E1C0EA;61C8C1C9-9ABA-4EAE-983A-66DD2EF70ABA
3;B01320DC-DC3E-4617-A6C3-FB6B90E1C0EA;309C3618-D759-40C2-A7A0-95A4DDA4256D
4;B01320DC-DC3E-4617-A6C3-FB6B90E1C0EA;9A0C94D5-361D-430E-8660-52637BC8C638
6;B01320DC-DC3E-4617-A6C3-FB6B90E1C0EA;5FA00D9B-4B0E-4D2E-B858-F3BA5538976D
8;B01320DC-DC3E-4617-A6C3-FB6B90E1C0EA;7FFB49F4-701B-4A90-AEE0-AF54A1A447BE
9;A46A373B-38BD-4C61-A31B-336B4896B0DF;B01320DC-DC3E-4617-A6C3-FB6B90E1C0EA
10;A46A373B-38BD-4C61-A31B-336B4896B0DF;61C8C1C9-9ABA-4EAE-983A-66DD2EF70ABA
11;A46A373B-38BD-4C61-A31B-336B4896B0DF;309C3618-D759-40C2-A7A0-95A4DDA4256D
12;A46A373B-38BD-4C61-A31B-336B4896B0DF;9A0C94D5-361D-430E-8660-52637BC8C638
14;A46A373B-38BD-4C61-A31B-336B4896B0DF;5FA00D9B-4B0E-4D2E-B858-F3BA5538976D
16;A46A373B-38BD-4C61-A31B-336B4896B0DF;7FFB49F4-701B-4A90-AEE0-AF54A1A447BE
17;61C8C1C9-9ABA-4EAE-983A-66DD2EF70ABA;B01320DC-DC3E-4617-A6C3-FB6B90E1C0EA
18;61C8C1C9-9ABA-4EAE-983A-66DD2EF70ABA;A46A373B-38BD-4C61-A31B-336B4896B0DF
19;61C8C1C9-9ABA-4EAE-983A-66DD2EF70ABA;309C3618-D759-40C2-A7A0-95A4DDA4256D
20;61C8C1C9-9ABA-4EAE-983A-66DD2EF70ABA;9A0C94D5-361D-430E-8660-52637BC8C638
22;61C8C1C9-9ABA-4EAE-983A-66DD2EF70ABA;5FA00D9B-4B0E-4D2E-B858-F3BA5538976D
23;61C8C1C9-9ABA-4EAE-983A-66DD2EF70ABA;7FFB49F4-701B-4A90-AEE0-AF54A1A447BE
24;309C3618-D759-40C2-A7A0-95A4DDA4256D;B01320DC-DC3E-4617-A6C3-FB6B90E1C0EA
25;309C3618-D759-40C2-A7A0-95A4DDA4256D;A46A373B-38BD-4C61-A31B-336B4896B0DF
26;309C3618-D759-40C2-A7A0-95A4DDA4256D;61C8C1C9-9ABA-4EAE-983A-66DD2EF70ABA
27;309C3618-D759-40C2-A7A0-95A4DDA4256D;9A0C94D5-361D-430E-8660-52637BC8C638
29;309C3618-D759-40C2-A7A0-95A4DDA4256D;5FA00D9B-4B0E-4D2E-B858-F3BA5538976D
30;309C3618-D759-40C2-A7A0-95A4DDA4256D;7FFB49F4-701B-4A90-AEE0-AF54A1A447BE
31;9A0C94D5-361D-430E-8660-52637BC8C638;B01320DC-DC3E-4617-A6C3-FB6B90E1C0EA
32;9A0C94D5-361D-430E-8660-52637BC8C638;A46A373B-38BD-4C61-A31B-336B4896B0DF
33;9A0C94D5-361D-430E-8660-52637BC8C638;61C8C1C9-9ABA-4EAE-983A-66DD2EF70ABA
34;9A0C94D5-361D-430E-8660-52637BC8C638;309C3618-D759-40C2-A7A0-95A4DDA4256D
36;9A0C94D5-361D-430E-8660-52637BC8C638;5FA00D9B-4B0E-4D2E-B858-F3BA5538976D
37;9A0C94D5-361D-430E-8660-52637BC8C638;7FFB49F4-701B-4A90-AEE0-AF54A1A447BE
38;5FA00D9B-4B0E-4D2E-B858-F3BA5538976D;B01320DC-DC3E-4617-A6C3-FB6B90E1C0EA
39;5FA00D9B-4B0E-4D2E-B858-F3BA5538976D;A46A373B-38BD-4C61-A31B-336B4896B0DF
40;5FA00D9B-4B0E-4D2E-B858-F3BA5538976D;61C8C1C9-9ABA-4EAE-983A-66DD2EF70ABA
41;5FA00D9B-4B0E-4D2E-B858-F3BA5538976D;309C3618-D759-40C2-A7A0-95A4DDA4256D
42;5FA00D9B-4B0E-4D2E-B858-F3BA5538976D;9A0C94D5-361D-430E-8660-52637BC8C638
43;5FA00D9B-4B0E-4D2E-B858-F3BA5538976D;7FFB49F4-701B-4A90-AEE0-AF54A1A447BE
44;7FFB49F4-701B-4A90-AEE0-AF54A1A447BE;B01320DC-DC3E-4617-A6C3-FB6B90E1C0EA
45;7FFB49F4-701B-4A90-AEE0-AF54A1A447BE;A46A373B-38BD-4C61-A31B-336B4896B0DF
46;7FFB49F4-701B-4A90-AEE0-AF54A1A447BE;61C8C1C9-9ABA-4EAE-983A-66DD2EF70ABA
47;7FFB49F4-701B-4A90-AEE0-AF54A1A447BE;309C3618-D759-40C2-A7A0-95A4DDA4256D
48;7FFB49F4-701B-4A90-AEE0-AF54A1A447BE;9A0C94D5-361D-430E-8660-52637BC8C638
49;7FFB49F4-701B-4A90-AEE0-AF54A1A447BE;5FA00D9B-4B0E-4D2E-B858-F3BA5538976D
