Id,WarehouseId,Type,Value
--,-----------,----,-----
32,152,1,0,1,2,3
64,184,1,0,1,2
358,152,2,
512,184,2,
585,152,3,
739,184,3,
812,152,4,
966,184,4,
1039,152,5,0
1193,184,5,0
1266,152,6,true
1298,184,6,true
1489,152,7,true
1521,184,7,true
1814,152,8,false
1846,184,8,false
2139,152,9,True
2171,184,9,True
2464,152,10,false
2496,184,10,True
2789,152,11,false
2821,184,11,false
12296,120,1,0,1,2,3
12297,121,1,0,1,2,3
12298,122,1,0,1,2,3
12299,123,1,0,1,2,3
12300,124,1,0,1,2,3
12301,125,1,0,1,2,3
12302,126,1,0,1,2,3
12303,127,1,0,1,2,3
12304,128,1,0,1,2,3
12305,129,1,0,1,2,3
12306,130,1,0,1,2,3
12307,131,1,0,1,2,3
12308,132,1,0,1,2,3
12309,133,1,0,1,2,3
12310,134,1,0,1,2,3
12311,135,1,0,1,2,3
12312,136,1,0,1,2,3
12313,137,1,0,1,2,3
12314,138,1,0,1,2,3
12315,139,1,0,1,2,3
12316,141,1,0,1,2,3
12317,142,1,0,1,2,3
12318,143,1,0,1,2,3
12319,144,1,0,1,2,3
12320,145,1,0,1,2,3
12321,146,1,0,1,2,3
12322,147,1,0,1,2,3
12323,148,1,0,1,2
12324,149,1,0,1,2,3
12325,150,1,0,1,2,3
12326,151,1,0,1,2,3
12327,153,1,0,1,2,3
12328,154,1,0,1,2
12329,155,1,0,1,2,3
12330,156,1,0,1,2,3
12331,157,1,0,1,2,3
12332,158,1,0,1,2,3
12333,159,1,0,1,2,3
12334,160,1,0,1,2,3
12335,161,1,0,1,2,3
12336,162,1,0,1,2,3
12337,163,1,0,1,2,3
12338,164,1,0,1,2,3
12339,165,1,0,1,2,3
12340,166,1,0,1,2,3
12341,167,1,0,1,2,3
12342,168,1,0,1,2,3
12343,169,1,0,1,2,3
12344,170,1,0,1,2,3
12345,171,1,0,1,2,3
12346,172,1,0,1,2,3
12347,173,1,0,1,2,3
12348,174,1,0,1,2,3
12349,175,1,0,1,2,3
12350,176,1,0,1,2,3
12351,177,1,0,1,2,3
12352,178,1,0,1,2,3
12353,179,1,0,1,2,3
12354,180,1,0,1,2,3
12355,181,1,0,1,2,3
12356,182,1,0,1,2,3
12357,183,1,0,1,2,3
12358,185,1,0,1,2,3
12359,186,1,0,1,2,3
12360,187,1,0,1,2,3
12361,188,1,0,1,2,3
12362,189,1,0,1,2,3
12363,190,1,0,1,2,3
12364,191,1,0,1,2,3
12365,192,1,0,1,2,3
12366,193,1,0,1,2,3
12367,194,1,0,1,2,3
12368,195,1,0,1,2,3
12369,196,1,0,1,2,3
12370,197,1,0,1,2,3
12371,198,1,0,1,2,3
12372,199,1,0,1,2,3
12373,200,1,0,1,2,3
12374,201,1,0,1,2,3
12375,202,1,0,1,2,3
12376,203,1,0,1,2,3
12377,204,1,0,1,2,3
12378,205,1,0,1,2,3
12379,206,1,0,1,2
12380,207,1,0,1,2,3
12381,208,1,0,1,2,3
12382,209,1,0,1,2,3
12383,210,1,0,1,2,3
12384,211,1,0,1,2,3
12385,212,1,0,1,2,3
12386,213,1,0,1,2,3
12387,214,1,0,1,2,3
12388,215,1,0,1,2,3
12389,216,1,0,1,2,3
12390,217,1,0,1,2,3
12391,218,1,0,1,2,3
12392,219,1,0,1,2,3
12393,220,1,0,1,2,3
12394,221,1,0,1,2,3
12395,222,1,0,1,2,3
12396,223,1,0,1,2,3
12397,224,1,0,1,2,3
12398,225,1,0,1,2,3
12399,226,1,0,1,2,3
12400,227,1,0,1,2,3
12401,228,1,0,1,2,3
12402,229,1,0,1,2,3
12403,230,1,0,1,2,3
12404,231,1,0,1,2,3
12405,232,1,0,1,2,3
12406,233,1,0,1,2,3
12407,234,1,0,1,2,3
12408,235,1,0,1,2,3
12409,236,1,0,1,2,3
12410,237,1,0,1,2,3
12411,238,1,0,1,2,3
12412,239,1,0,1,2,3
12413,240,1,0,1,2,3
12414,241,1,0,1,2,3
12415,242,1,0,1,2,3
12416,243,1,0,1,2,3
12417,244,1,0,1,2,3
12418,245,1,0,1,2,3
12419,246,1,0,1,2,3
12420,247,1,0,1,2,3
12421,248,1,0,1,2
12422,249,1,0,1,2,3
12423,250,1,0,1,2
12424,251,1,0,1,2,3
12425,252,1,0,1,2,3
12426,253,1,0,1,2,3
12427,254,1,0,1,2,3
12428,255,1,0,1,2,3
12429,256,1,0,1,2,3
12430,257,1,0,1,2,3
12431,258,1,0,1,2,3
12432,259,1,0,1,2,3
12433,260,1,0,1,2,3
12434,261,1,0,1,2,3
12435,262,1,0,1,2,3
12436,263,1,0,1,2,3
12437,264,1,0,1,2,3
12438,265,1,0,1,2,3
12439,266,1,0,1,2,3
12440,267,1,0,1,2,3
12441,268,1,0,1,2,3
12442,269,1,0,1,2,3
12443,270,1,0,1,2,3
12444,271,1,0,1,2,3
12445,272,1,0,1,2,3
12446,273,1,0,1,2,3
12447,274,1,0,1,2,3
12448,275,1,0,1,2,3
12449,276,1,0,1,2,3
12450,277,1,0,1,2,3
12451,278,1,0,1,2,3
12452,279,1,0,1,2,3
12453,280,1,0,1,2,3
12454,281,1,0,1,2,3
12455,282,1,0,1,2,3
12456,283,1,0,1,2,3
12457,284,1,0,1,2,3
12458,285,1,0,1,2,3
12459,286,1,0,1,2,3
12460,287,1,0,1,2,3
12461,288,1,0,1,2,3
12462,289,1,0,1,2,3
12463,290,1,0,1,2,3
12464,291,1,0,1,2,3
12465,292,1,0,1,2,3
12466,293,1,0,1,2,3
12467,294,1,0,1,2,3
12468,295,1,0,1,2,3
12469,296,1,0,1,2,3
12470,297,1,0,1,2,3
12471,298,1,0,1,2,3
12472,299,1,0,1,2,3
12473,300,1,0,1,2,3
12474,301,1,0,1,2,3
12475,302,1,0,1,2,3
12476,303,1,0,1,2,3
12477,304,1,0,1,2,3
12478,305,1,0,1,2,3
12479,306,1,0,1,2,3
12480,307,1,0,1,2,3
12481,308,1,0,1,2,3
12482,309,1,0,1,2,3
12483,310,1,0,1,2,3
12484,311,1,0,1,2,3
12485,312,1,0,1,2,3
12486,313,1,0,1,2,3
12487,314,1,0,1,2,3
12488,315,1,0,1,2,3
12489,316,1,0,1,2,3
12490,317,1,0,1,2,3
12491,318,1,0,1,2,3
12492,319,1,0,1,2,3
12493,320,1,0,1,2,3
12494,321,1,0,1,2,3
12495,322,1,0,1,2,3
12496,323,1,0,1,2,3
12497,324,1,0,1,2,3
12498,325,1,0,1,2,3
12499,326,1,0,1,2,3
12500,327,1,0,1,2,3
12501,328,1,0,1,2,3
12502,329,1,0,1,2,3
12503,330,1,0,1,2,3
12504,331,1,0,1,2,3
12505,332,1,0,1,2,3
12506,333,1,0,1,2,3
12507,334,1,0,1,2,3
12508,335,1,0,1,2,3
12509,336,1,0,1,2,3
12510,337,1,0,1,2
12511,348,1,0,1,2
12512,351,1,0,1,2,3
12513,363,1,0,1,2,3
12514,365,1,0,1,2,3
12515,366,1,0,1,2,3
12516,377,1,0,1,2,3
12517,390,1,0,1,2,3
12518,391,1,0,1,2
12519,396,1,0,1,2,3
12520,397,1,0,1,2
12521,398,1,0,1,2
12522,399,1,0,1,2
12523,400,1,0,1,2
12524,401,1,0,1,2,3
12525,402,1,0,1,2,3
12526,403,1,0,1,2
12527,404,1,0,1,2,3
12528,405,1,0,1,2,3
12529,406,1,0,1,2,3
12530,407,1,0,1,2
12531,408,1,0,1,2,3
12532,409,1,0,1,2
12533,410,1,0,1,2,3
12534,411,1,0,1,2
12535,412,1,0,1,2,3
12536,413,1,0,1,2,3
12537,414,1,0,1,2
12538,415,1,0,1,2,3
12539,416,1,0,1,2,3
12540,417,1,0,1,2,3
12541,418,1,0,1,2
12542,419,1,0,1,2,3
12543,420,1,0,1,2,3
12544,421,1,0,1,2
12545,422,1,0,1,2,3
12546,423,1,0,1,2,3
12547,424,1,0,1,2,3
12548,425,1,0,1,2
12549,426,1,0,1,2
12550,427,1,0,1,2,3
12551,428,1,0,1,2
12552,429,1,0,1,2,3
12553,430,1,0,1,2,3
12554,431,1,0,1,2
12555,432,1,0,1,2,3
12556,433,1,0,1,2
12557,434,1,0,1,2,3
12558,435,1,0,1,2,3
12559,436,1,0,1,2,3
12560,437,1,0,1,2,3
12561,438,1,0,1,2
12562,439,1,0,1,2,3
12563,440,1,0,1,2,3
12564,441,1,0,1,2,3
12565,442,1,0,1,2
12566,447,1,0,1,2
12567,448,1,0,1,2
12568,450,1,0,1,2,3
12569,451,1,0,1,2
12570,452,1,0,1,2,3
12571,453,1,0,1,2,3
12572,456,1,0,1,2
12573,457,1,0,1,2,3
12574,458,1,0,1,2
12575,459,1,0,1,2,3
12576,461,1,0,1,2,3
12577,462,1,0,1,2,3
12578,464,1,0,1,2
12579,467,1,0,1,2,3
12580,468,1,0,1,2,3
12581,469,1,0,1,2,3
12582,470,1,0,1,2,3
12583,471,1,0,1,2,3
12584,472,1,0,1,2
12585,473,1,0,1,2,3
12586,474,1,0,1,2,3
12587,476,1,0,1,2,3
12588,477,1,0,1,2,3
12589,478,1,0,1,2
12590,479,1,0,1,2,3
12591,480,1,0,1,2
12592,481,1,0,1,2,3
12593,482,1,0,1,2
12594,483,1,0,1,2,3
12595,484,1,0,1,2
12596,362,1,3
12597,364,1,3
12598,388,1,0,1,3
12599,389,1,3
12600,392,1,0,1,2,3
12601,393,1,0,1,2,3
12602,394,1,3
12603,395,1,0,1,2,3
12604,140,1,0,1,2,3
12605,443,1,3
12606,444,1,3
12607,445,1,0,1,2,3
12608,446,1,0,1,2,3
12609,449,1,3
12610,454,1,3
12611,475,1,3
12612,485,1,3
12613,486,1,3
12614,487,1,3
12615,455,1,3
12616,460,1,3
12617,463,1,3
12618,465,1,3
12619,466,1,3
12620,458,2,
12621,479,2,
12622,122,2,NULL
12623,437,2,
12624,124,2,NULL
12625,436,2,NULL
12626,439,2,
12627,472,2,
12628,128,2,NULL
12629,321,2,
12630,130,2,
12631,452,2,
12632,462,2,
12633,133,2,NULL
12634,419,2,
12635,135,2,
12636,480,2,
12637,482,2,
12638,423,2,
12639,470,2,
12640,140,2,NULL
12641,410,2,
12642,411,2,
12643,143,2,NULL
12644,447,2,
12645,417,2,
12646,146,2,NULL
12647,434,2,
12648,148,2,
12649,149,2,NULL
12650,451,2,
12651,442,2,
12652,435,2,
12653,154,2,
12654,426,2,
12655,412,2,
12656,157,2,NULL
12657,481,2,
12658,484,2,
12659,483,2,
12660,422,2,NULL
12661,316,2,NULL
12662,456,2,
12663,477,2,NULL
12664,290,2,NULL
12665,274,2,NULL
12666,167,2,NULL
12667,168,2,NULL
12668,169,2,NULL
12669,170,2,NULL
12670,171,2,NULL
12671,172,2,NULL
12672,173,2,NULL
12673,174,2,NULL
12674,175,2,NULL
12675,176,2,NULL
12676,177,2,NULL
12677,179,2,NULL
12678,288,2,NULL
12679,181,2,NULL
12680,182,2,NULL
12681,183,2,NULL
12682,185,2,NULL
12683,186,2,NULL
12684,408,2,
12685,334,2,
12686,425,2,
12687,440,2,
12688,413,2,
12689,192,2,NULL
12690,469,2,
12691,258,2,NULL
12692,195,2,NULL
12693,196,2,NULL
12694,197,2,NULL
12695,198,2,NULL
12696,199,2,NULL
12697,200,2,NULL
12698,201,2,
12699,457,2,
12700,203,2,NULL
12701,414,2,
12702,205,2,NULL
12703,206,2,
12704,207,2,NULL
12705,399,2,
12706,448,2,
12707,210,2,NULL
12708,211,2,NULL
12709,212,2,NULL
12710,398,2,
12711,214,2,NULL
12712,409,2,
12713,218,2,NULL
12714,219,2,NULL
12715,259,2,NULL
12716,222,2,NULL
12717,263,2,NULL
12718,224,2,NULL
12719,225,2,NULL
12720,406,2,
12721,420,2,
12722,283,2,NULL
12723,229,2,NULL
12724,230,2,NULL
12725,231,2,NULL
12726,232,2,NULL
12727,234,2,NULL
12728,235,2,NULL
12729,236,2,NULL
12730,237,2,NULL
12731,238,2,NULL
12732,239,2,
12733,240,2,
12734,241,2,NULL
12735,242,2,
12736,243,2,NULL
12737,244,2,
12738,245,2,NULL
12739,246,2,NULL
12740,247,2,NULL
12741,248,2,
12742,249,2,
12743,250,2,
12744,251,2,NULL
12745,252,2,
12746,253,2,
12747,254,2,
12748,401,2,
12749,327,2,
12750,404,2,
12751,397,2,
12752,260,2,NULL
12753,261,2,NULL
12754,262,2,NULL
12755,400,2,
12756,473,2,
12757,265,2,NULL
12758,336,2,
12759,427,2,
12760,430,2,
12761,468,2,
12762,459,2,
12763,271,2,NULL
12764,272,2,NULL
12765,432,2,NULL
12766,335,2,NULL
12767,275,2,NULL
12768,317,2,NULL
12769,476,2,
12770,418,2,
12771,471,2,
12772,348,2,
12773,403,2,
12774,402,2,
12775,428,2,
12776,441,2,
12777,286,2,NULL
12778,287,2,NULL
12779,180,2,NULL
12780,289,2,NULL
12781,405,2,
12782,291,2,NULL
12783,429,2,
12784,478,2,
12785,431,2,
12786,415,2,
12787,438,2,
12788,474,2,
12789,391,2,
12790,453,2,
12791,318,2,
12792,450,2,
12793,302,2,NULL
12794,303,2,NULL
12795,424,2,
12796,305,2,NULL
12797,337,2,
12798,307,2,NULL
12799,308,2,NULL
12800,464,2,
12801,433,2,
12802,421,2,
12803,407,2,
12804,467,2,
12805,320,2,
12806,319,2,NULL
12807,322,2,NULL
12808,323,2,NULL
12809,324,2,NULL
12810,325,2,
12811,329,2,NULL
12812,330,2,NULL
12813,331,2,NULL
12814,333,2,NULL
12815,363,2,NULL
12816,364,2,
12817,365,2,NULL
12818,366,2,NULL
12819,362,2,NULL
12820,377,2,NULL
12821,388,2,
12822,389,2,
12823,390,2,NULL
12824,392,2,
12825,393,2,
12826,394,2,
12827,395,2,
12828,396,2,NULL
12829,444,2,
12830,443,2,
12831,445,2,
12832,446,2,
12833,449,2,
12834,454,2,
12835,455,2,
12836,460,2,
12837,461,2,NULL
12838,463,2,
12839,465,2,
12840,466,2,
12841,475,2,
12842,416,2,
12843,485,2,
12844,486,2,
12845,487,2,
12846,458,3,
12847,479,3,
12848,122,3,NULL
12849,437,3,
12850,124,3,NULL
12851,436,3,NULL
12852,439,3,
12853,472,3,
12854,128,3,NULL
12855,321,3,
12856,130,3,
12857,452,3,
12858,462,3,
12859,133,3,NULL
12860,419,3,
12861,135,3,
12862,480,3,
12863,482,3,
12864,423,3,
12865,470,3,
12866,140,3,NULL
12867,410,3,
12868,411,3,
12869,143,3,NULL
12870,447,3,
12871,417,3,
12872,146,3,NULL
12873,434,3,
12874,148,3,
12875,149,3,NULL
12876,451,3,
12877,442,3,
12878,435,3,
12879,154,3,
12880,426,3,
12881,412,3,
12882,157,3,NULL
12883,481,3,
12884,484,3,
12885,483,3,
12886,422,3,NULL
12887,316,3,NULL
12888,456,3,
12889,477,3,NULL
12890,290,3,NULL
12891,274,3,NULL
12892,167,3,NULL
12893,168,3,NULL
12894,169,3,NULL
12895,170,3,NULL
12896,171,3,NULL
12897,172,3,NULL
12898,173,3,NULL
12899,174,3,NULL
12900,175,3,NULL
12901,176,3,NULL
12902,177,3,NULL
12903,179,3,NULL
12904,288,3,NULL
12905,181,3,NULL
12906,182,3,NULL
12907,183,3,NULL
12908,185,3,NULL
12909,186,3,NULL
12910,408,3,
12911,334,3,
12912,425,3,
12913,440,3,
12914,413,3,
12915,192,3,NULL
12916,469,3,
12917,258,3,NULL
12918,195,3,NULL
12919,196,3,NULL
12920,197,3,NULL
12921,198,3,NULL
12922,199,3,NULL
12923,200,3,NULL
12924,201,3,
12925,457,3,
12926,203,3,NULL
12927,414,3,
12928,205,3,NULL
12929,206,3,
12930,207,3,NULL
12931,399,3,
12932,448,3,
12933,210,3,NULL
12934,211,3,NULL
12935,212,3,NULL
12936,398,3,
12937,214,3,NULL
12938,409,3,
12939,218,3,NULL
12940,219,3,NULL
12941,259,3,NULL
12942,222,3,NULL
12943,263,3,NULL
12944,224,3,NULL
12945,225,3,NULL
12946,406,3,
12947,420,3,
12948,283,3,NULL
12949,229,3,NULL
12950,230,3,NULL
12951,231,3,NULL
12952,232,3,NULL
12953,234,3,NULL
12954,235,3,NULL
12955,236,3,NULL
12956,237,3,NULL
12957,238,3,NULL
12958,239,3,
12959,240,3,
12960,241,3,NULL
12961,242,3,
12962,243,3,NULL
12963,244,3,
12964,245,3,NULL
12965,246,3,NULL
12966,247,3,NULL
12967,248,3,
12968,249,3,
12969,250,3,
12970,251,3,NULL
12971,252,3,
12972,253,3,
12973,254,3,
12974,401,3,
12975,327,3,
12976,404,3,
12977,397,3,
12978,260,3,NULL
12979,261,3,NULL
12980,262,3,NULL
12981,400,3,
12982,473,3,
12983,265,3,NULL
12984,336,3,
12985,427,3,
12986,430,3,
12987,468,3,
12988,459,3,
12989,271,3,NULL
12990,272,3,NULL
12991,432,3,NULL
12992,335,3,NULL
12993,275,3,NULL
12994,317,3,NULL
12995,476,3,
12996,418,3,
12997,471,3,
12998,348,3,
12999,403,3,
13000,402,3,
13001,428,3,
13002,441,3,
13003,286,3,NULL
13004,287,3,NULL
13005,180,3,NULL
13006,289,3,NULL
13007,405,3,
13008,291,3,NULL
13009,429,3,
13010,478,3,
13011,431,3,
13012,415,3,
13013,438,3,
13014,474,3,
13015,391,3,
13016,453,3,
13017,318,3,
13018,450,3,
13019,302,3,NULL
13020,303,3,NULL
13021,424,3,
13022,305,3,NULL
13023,337,3,
13024,307,3,NULL
13025,308,3,NULL
13026,464,3,
13027,433,3,
13028,421,3,
13029,407,3,
13030,467,3,
13031,320,3,
13032,319,3,NULL
13033,322,3,NULL
13034,323,3,NULL
13035,324,3,NULL
13036,325,3,
13037,329,3,NULL
13038,330,3,NULL
13039,331,3,NULL
13040,333,3,NULL
13041,363,3,NULL
13042,364,3,
13043,365,3,NULL
13044,366,3,NULL
13045,362,3,NULL
13046,377,3,NULL
13047,388,3,
13048,389,3,
13049,390,3,NULL
13050,392,3,
13051,393,3,
13052,394,3,
13053,395,3,
13054,396,3,NULL
13055,444,3,
13056,443,3,
13057,445,3,
13058,446,3,
13059,449,3,
13060,454,3,
13061,455,3,
13062,460,3,
13063,461,3,NULL
13064,463,3,
13065,465,3,
13066,466,3,
13067,475,3,
13068,416,3,
13069,485,3,
13070,486,3,
13071,487,3,
13072,458,4,
13073,479,4,
13074,122,4,NULL
13075,437,4,
13076,124,4,NULL
13077,436,4,NULL
13078,439,4,
13079,472,4,
13080,128,4,NULL
13081,321,4,
13082,130,4,
13083,452,4,
13084,462,4,
13085,133,4,NULL
13086,419,4,
13087,135,4,
13088,480,4,
13089,482,4,
13090,423,4,
13091,470,4,
13092,140,4,NULL
13093,410,4,
13094,411,4,
13095,143,4,NULL
13096,447,4,
13097,417,4,
13098,146,4,NULL
13099,434,4,
13100,148,4,
13101,149,4,NULL
13102,451,4,
13103,442,4,
13104,435,4,
13105,154,4,
13106,426,4,
13107,412,4,
13108,157,4,NULL
13109,481,4,
13110,484,4,
13111,483,4,
13112,422,4,NULL
13113,316,4,NULL
13114,456,4,
13115,477,4,NULL
13116,290,4,NULL
13117,274,4,NULL
13118,167,4,NULL
13119,168,4,NULL
13120,169,4,NULL
13121,170,4,NULL
13122,171,4,NULL
13123,172,4,NULL
13124,173,4,NULL
13125,174,4,NULL
13126,175,4,NULL
13127,176,4,NULL
13128,177,4,NULL
13129,179,4,NULL
13130,288,4,NULL
13131,181,4,NULL
13132,182,4,NULL
13133,183,4,NULL
13134,185,4,NULL
13135,186,4,NULL
13136,408,4,
13137,334,4,
13138,425,4,
13139,440,4,
13140,413,4,
13141,192,4,NULL
13142,469,4,
13143,258,4,NULL
13144,195,4,NULL
13145,196,4,NULL
13146,197,4,NULL
13147,198,4,NULL
13148,199,4,NULL
13149,200,4,NULL
13150,201,4,
13151,457,4,
13152,203,4,NULL
13153,414,4,
13154,205,4,NULL
13155,206,4,
13156,207,4,NULL
13157,399,4,
13158,448,4,
13159,210,4,NULL
13160,211,4,NULL
13161,212,4,NULL
13162,398,4,
13163,214,4,NULL
13164,409,4,
13165,218,4,NULL
13166,219,4,NULL
13167,259,4,NULL
13168,222,4,NULL
13169,263,4,NULL
13170,224,4,NULL
13171,225,4,NULL
13172,406,4,
13173,420,4,
13174,283,4,NULL
13175,229,4,NULL
13176,230,4,NULL
13177,231,4,NULL
13178,232,4,NULL
13179,234,4,NULL
13180,235,4,NULL
13181,236,4,NULL
13182,237,4,NULL
13183,238,4,NULL
13184,239,4,
13185,240,4,
13186,241,4,NULL
13187,242,4,
13188,243,4,NULL
13189,244,4,
13190,245,4,NULL
13191,246,4,NULL
13192,247,4,NULL
13193,248,4,
13194,249,4,
13195,250,4,
13196,251,4,NULL
13197,252,4,
13198,253,4,
13199,254,4,
13200,401,4,
13201,327,4,
13202,404,4,
13203,397,4,
13204,260,4,NULL
13205,261,4,NULL
13206,262,4,NULL
13207,400,4,
13208,473,4,
13209,265,4,NULL
13210,336,4,
13211,427,4,
13212,430,4,
13213,468,4,
13214,459,4,
13215,271,4,NULL
13216,272,4,NULL
13217,432,4,NULL
13218,335,4,NULL
13219,275,4,NULL
13220,317,4,NULL
13221,476,4,
13222,418,4,
13223,471,4,
13224,348,4,
13225,403,4,
13226,402,4,
13227,428,4,
13228,441,4,
13229,286,4,NULL
13230,287,4,NULL
13231,180,4,NULL
13232,289,4,NULL
13233,405,4,
13234,291,4,NULL
13235,429,4,
13236,478,4,
13237,431,4,
13238,415,4,
13239,438,4,
13240,474,4,
13241,391,4,
13242,453,4,
13243,318,4,
13244,450,4,
13245,302,4,NULL
13246,303,4,NULL
13247,424,4,
13248,305,4,NULL
13249,337,4,
13250,307,4,NULL
13251,308,4,NULL
13252,464,4,
13253,433,4,
13254,421,4,
13255,407,4,
13256,467,4,
13257,320,4,
13258,319,4,NULL
13259,322,4,NULL
13260,323,4,NULL
13261,324,4,NULL
13262,325,4,
13263,329,4,NULL
13264,330,4,NULL
13265,331,4,NULL
13266,333,4,NULL
13267,363,4,NULL
13268,364,4,
13269,365,4,NULL
13270,366,4,NULL
13271,362,4,NULL
13272,377,4,NULL
13273,388,4,
13274,389,4,
13275,390,4,NULL
13276,392,4,
13277,393,4,
13278,394,4,
13279,395,4,
13280,396,4,NULL
13281,444,4,
13282,443,4,
13283,445,4,
13284,446,4,
13285,449,4,
13286,454,4,
13287,455,4,
13288,460,4,
13289,461,4,NULL
13290,463,4,
13291,465,4,
13292,466,4,
13293,475,4,
13294,416,4,
13295,485,4,
13296,486,4,
13297,487,4,
13298,458,5,0
13299,479,5,0
13300,122,5,0
13301,437,5,0
13302,124,5,0
13303,436,5,0
13304,439,5,0
13305,472,5,0
13306,128,5,0
13307,321,5,0
13308,130,5,0
13309,452,5,0
13310,462,5,0
13311,133,5,0
13312,419,5,0
13313,135,5,0
13314,480,5,0
13315,482,5,0
13316,423,5,0
13317,470,5,0
13318,140,5,0
13319,410,5,0
13320,411,5,0
13321,143,5,0
13322,447,5,0
13323,417,5,0
13324,146,5,0
13325,434,5,0
13326,148,5,0
13327,149,5,0
13328,451,5,0
13329,442,5,0
13330,435,5,0
13331,154,5,0
13332,426,5,0
13333,412,5,0
13334,157,5,0
13335,481,5,0
13336,484,5,0
13337,483,5,0
13338,422,5,0
13339,316,5,0
13340,456,5,0
13341,477,5,0
13342,290,5,0
13343,274,5,0
13344,167,5,0
13345,168,5,0
13346,169,5,0
13347,170,5,0
13348,171,5,0
13349,172,5,0
13350,173,5,0
13351,174,5,0
13352,175,5,0
13353,176,5,0
13354,177,5,0
13355,179,5,0
13356,288,5,0
13357,181,5,0
13358,182,5,0
13359,183,5,0
13360,185,5,0
13361,186,5,0
13362,408,5,0
13363,334,5,0
13364,425,5,0
13365,440,5,0
13366,413,5,0
13367,192,5,0
13368,469,5,0
13369,258,5,0
13370,195,5,0
13371,196,5,0
13372,197,5,0
13373,198,5,0
13374,199,5,0
13375,200,5,0
13376,201,5,0
13377,457,5,0
13378,203,5,0
13379,414,5,0
13380,205,5,0
13381,206,5,0
13382,207,5,0
13383,399,5,0
13384,448,5,0
13385,210,5,0
13386,211,5,0
13387,212,5,0
13388,398,5,0
13389,214,5,0
13390,409,5,0
13391,218,5,0
13392,219,5,0
13393,259,5,0
13394,222,5,0
13395,263,5,0
13396,224,5,0
13397,225,5,0
13398,406,5,0
13399,420,5,0
13400,283,5,0
13401,229,5,0
13402,230,5,0
13403,231,5,0
13404,232,5,0
13405,234,5,0
13406,235,5,0
13407,236,5,0
13408,237,5,0
13409,238,5,0
13410,239,5,0
13411,240,5,0
13412,241,5,0
13413,242,5,0
13414,243,5,0
13415,244,5,0
13416,245,5,0
13417,246,5,0
13418,247,5,0
13419,248,5,0
13420,249,5,0
13421,250,5,0
13422,251,5,0
13423,252,5,0
13424,253,5,0
13425,254,5,0
13426,401,5,0
13427,327,5,0
13428,404,5,0
13429,397,5,0
13430,260,5,0
13431,261,5,0
13432,262,5,0
13433,400,5,0
13434,473,5,0
13435,265,5,0
13436,336,5,0
13437,427,5,0
13438,430,5,0
13439,468,5,0
13440,459,5,0
13441,271,5,0
13442,272,5,0
13443,432,5,0
13444,335,5,0
13445,275,5,0
13446,317,5,0
13447,476,5,0
13448,418,5,0
13449,471,5,0
13450,348,5,0
13451,403,5,0
13452,402,5,0
13453,428,5,0
13454,441,5,0
13455,286,5,0
13456,287,5,0
13457,180,5,0
13458,289,5,0
13459,405,5,0
13460,291,5,0
13461,429,5,0
13462,478,5,0
13463,431,5,0
13464,415,5,0
13465,438,5,0
13466,474,5,0
13467,391,5,0
13468,453,5,0
13469,318,5,0
13470,450,5,0
13471,302,5,0
13472,303,5,0
13473,424,5,0
13474,305,5,0
13475,337,5,0
13476,307,5,0
13477,308,5,0
13478,464,5,0
13479,433,5,0
13480,421,5,0
13481,407,5,0
13482,467,5,0
13483,320,5,0
13484,319,5,0
13485,322,5,0
13486,323,5,0
13487,324,5,0
13488,325,5,0
13489,329,5,0
13490,330,5,0
13491,331,5,0
13492,333,5,0
13493,363,5,0
13494,364,5,0
13495,365,5,0
13496,366,5,0
13497,362,5,0
13498,377,5,0
13499,388,5,0
13500,389,5,0
13501,390,5,0
13502,392,5,0
13503,393,5,0
13504,394,5,0
13505,395,5,0
13506,396,5,0
13507,444,5,0
13508,443,5,0
13509,445,5,0
13510,446,5,0
13511,449,5,0
13512,454,5,0
13513,455,5,0
13514,460,5,0
13515,461,5,0
13516,463,5,0
13517,465,5,0
13518,466,5,0
13519,475,5,0
13520,416,5,0
13521,485,5,0
13522,486,5,0
13523,487,5,0
13524,458,6,true
13525,479,6,true
13526,122,6,false
13527,437,6,true
13528,124,6,false
13529,436,6,false
13530,439,6,true
13531,472,6,true
13532,128,6,false
13533,129,6,true
13534,130,6,true
13535,452,6,true
13536,462,6,true
13537,133,6,false
13538,419,6,true
13539,135,6,true
13540,480,6,true
13541,482,6,true
13542,423,6,true
13543,470,6,true
13544,140,6,false
13545,410,6,true
13546,411,6,true
13547,143,6,false
13548,447,6,true
13549,417,6,true
13550,146,6,false
13551,434,6,true
13552,148,6,true
13553,149,6,false
13554,451,6,true
13555,442,6,true
13556,435,6,true
13557,154,6,true
13558,426,6,true
13559,412,6,true
13560,157,6,false
13561,481,6,true
13562,484,6,true
13563,483,6,true
13564,422,6,false
13565,316,6,true
13566,456,6,true
13567,477,6,true
13568,405,6,true
13569,335,6,false
13570,167,6,false
13571,168,6,false
13572,169,6,false
13573,170,6,false
13574,171,6,true
13575,172,6,false
13576,173,6,false
13577,174,6,false
13578,175,6,false
13579,176,6,false
13580,177,6,true
13581,178,6,false
13582,179,6,false
13583,180,6,false
13584,181,6,false
13585,182,6,false
13586,183,6,false
13587,185,6,false
13588,186,6,false
13589,187,6,true
13590,334,6,true
13591,189,6,false
13592,440,6,true
13593,413,6,true
13594,192,6,true
13595,193,6,false
13596,404,6,true
13597,195,6,false
13598,196,6,false
13599,197,6,false
13600,198,6,false
13601,199,6,false
13602,200,6,false
13603,201,6,true
13604,457,6,true
13605,203,6,false
13606,414,6,true
13607,205,6,false
13608,206,6,true
13609,207,6,false
13610,399,6,true
13611,448,6,true
13612,416,6,true
13613,211,6,false
13614,212,6,false
13615,398,6,true
13616,214,6,false
13617,478,6,true
13618,216,6,false
13619,409,6,true
13620,218,6,false
13621,219,6,false
13622,397,6,true
13623,221,6,false
13624,222,6,false
13625,400,6,true
13626,224,6,false
13627,225,6,false
13628,406,6,true
13629,420,6,true
13630,402,6,true
13631,229,6,false
13632,230,6,false
13633,231,6,True
13634,232,6,false
13635,233,6,false
13636,234,6,false
13637,235,6,false
13638,236,6,false
13639,237,6,false
13640,238,6,false
13641,239,6,true
13642,240,6,True
13643,241,6,true
13644,242,6,true
13645,243,6,true
13646,244,6,true
13647,245,6,true
13648,246,6,true
13649,247,6,true
13650,248,6,true
13651,249,6,false
13652,250,6,true
13653,251,6,false
13654,252,6,true
13655,253,6,true
13656,254,6,true
13657,401,6,true
13658,256,6,false
13659,257,6,false
13660,258,6,false
13661,259,6,false
13662,260,6,true
13663,261,6,false
13664,262,6,false
13665,263,6,false
13666,473,6,true
13667,265,6,false
13668,336,6,true
13669,427,6,true
13670,430,6,true
13671,468,6,true
13672,459,6,true
13673,271,6,false
13674,272,6,true
13675,432,6,false
13676,274,6,false
13677,275,6,false
13678,317,6,false
13679,476,6,true
13680,425,6,true
13681,418,6,true
13682,471,6,true
13683,281,6,false
13684,403,6,true
13685,283,6,false
13686,428,6,true
13687,441,6,true
13688,286,6,false
13689,287,6,false
13690,288,6,false
13691,289,6,false
13692,290,6,false
13693,291,6,false
13694,429,6,true
13695,293,6,false
13696,431,6,true
13697,415,6,True
13698,438,6,true
13699,474,6,true
13700,391,6,true
13701,453,6,true
13702,318,6,true
13703,450,6,true
13704,302,6,false
13705,303,6,false
13706,424,6,true
13707,305,6,false
13708,337,6,true
13709,307,6,true
13710,308,6,false
13711,464,6,true
13712,433,6,true
13713,421,6,true
13714,407,6,true
13715,467,6,true
13716,314,6,false
13717,325,6,True
13718,320,6,true
13719,348,6,true
13720,327,6,true
13721,469,6,true
13722,364,6,true
13723,362,6,true
13724,388,6,true
13725,389,6,true
13726,392,6,true
13727,393,6,true
13728,395,6,true
13729,394,6,true
13730,321,6,true
13731,408,6,false
13732,444,6,true
13733,443,6,true
13734,445,6,true
13735,446,6,true
13736,449,6,true
13737,454,6,true
13738,455,6,true
13739,460,6,true
13740,463,6,true
13741,466,6,true
13742,465,6,true
13743,485,6,true
13744,475,6,true
13745,486,6,true
13746,487,6,true
13747,120,7,false
13748,121,7,false
13749,122,7,false
13750,123,7,false
13751,124,7,false
13752,125,7,false
13753,126,7,false
13754,127,7,false
13755,128,7,false
13756,129,7,false
13757,130,7,true
13758,131,7,false
13759,132,7,false
13760,133,7,false
13761,134,7,false
13762,135,7,true
13763,136,7,false
13764,137,7,false
13765,138,7,false
13766,139,7,false
13767,141,7,false
13768,142,7,false
13769,143,7,false
13770,144,7,false
13771,145,7,false
13772,146,7,false
13773,147,7,false
13774,148,7,true
13775,149,7,false
13776,150,7,false
13777,151,7,false
13778,153,7,false
13779,154,7,true
13780,155,7,false
13781,156,7,false
13782,157,7,false
13783,158,7,false
13784,159,7,false
13785,160,7,false
13786,161,7,false
13787,162,7,false
13788,163,7,false
13789,164,7,false
13790,165,7,false
13791,166,7,false
13792,167,7,false
13793,168,7,false
13794,169,7,false
13795,170,7,false
13796,171,7,true
13797,172,7,false
13798,173,7,false
13799,174,7,false
13800,175,7,false
13801,176,7,false
13802,177,7,true
13803,178,7,false
13804,179,7,false
13805,180,7,false
13806,181,7,false
13807,182,7,false
13808,183,7,false
13809,185,7,false
13810,186,7,false
13811,187,7,true
13812,188,7,false
13813,189,7,false
13814,190,7,false
13815,191,7,false
13816,192,7,false
13817,193,7,false
13818,194,7,false
13819,195,7,false
13820,196,7,false
13821,197,7,false
13822,198,7,false
13823,199,7,false
13824,200,7,false
13825,201,7,true
13826,202,7,false
13827,203,7,false
13828,204,7,false
13829,205,7,false
13830,206,7,true
13831,207,7,false
13832,208,7,false
13833,209,7,false
13834,210,7,false
13835,211,7,false
13836,212,7,false
13837,213,7,false
13838,214,7,false
13839,215,7,false
13840,216,7,false
13841,217,7,false
13842,218,7,false
13843,219,7,false
13844,220,7,false
13845,221,7,false
13846,222,7,false
13847,223,7,false
13848,224,7,false
13849,225,7,false
13850,226,7,false
13851,227,7,false
13852,228,7,false
13853,229,7,false
13854,230,7,false
13855,231,7,false
13856,232,7,false
13857,233,7,false
13858,234,7,false
13859,235,7,false
13860,236,7,false
13861,237,7,false
13862,238,7,false
13863,239,7,true
13864,240,7,true
13865,241,7,true
13866,242,7,true
13867,243,7,true
13868,244,7,true
13869,245,7,true
13870,246,7,true
13871,247,7,true
13872,248,7,true
13873,249,7,false
13874,250,7,true
13875,251,7,false
13876,252,7,true
13877,253,7,true
13878,254,7,true
13879,255,7,false
13880,256,7,false
13881,257,7,false
13882,258,7,false
13883,259,7,false
13884,260,7,true
13885,261,7,false
13886,262,7,false
13887,263,7,false
13888,264,7,false
13889,265,7,false
13890,266,7,false
13891,267,7,false
13892,268,7,false
13893,269,7,false
13894,270,7,false
13895,271,7,false
13896,272,7,false
13897,273,7,false
13898,274,7,false
13899,275,7,false
13900,276,7,false
13901,277,7,false
13902,278,7,false
13903,279,7,false
13904,280,7,false
13905,281,7,false
13906,282,7,false
13907,283,7,false
13908,284,7,false
13909,285,7,false
13910,286,7,false
13911,287,7,false
13912,288,7,false
13913,289,7,false
13914,290,7,false
13915,291,7,false
13916,292,7,false
13917,293,7,false
13918,294,7,false
13919,295,7,false
13920,296,7,false
13921,297,7,false
13922,298,7,false
13923,299,7,false
13924,300,7,false
13925,301,7,false
13926,302,7,false
13927,303,7,false
13928,304,7,false
13929,305,7,false
13930,306,7,false
13931,307,7,true
13932,308,7,false
13933,309,7,false
13934,310,7,false
13935,311,7,false
13936,312,7,false
13937,313,7,false
13938,314,7,false
13939,315,7,false
13940,316,7,true
13941,317,7,false
13942,318,7,true
13943,319,7,false
13944,320,7,true
13945,321,7,true
13946,322,7,false
13947,323,7,false
13948,324,7,false
13949,325,7,true
13950,326,7,false
13951,327,7,true
13952,328,7,false
13953,329,7,false
13954,330,7,false
13955,331,7,false
13956,332,7,false
13957,333,7,false
13958,334,7,true
13959,335,7,false
13960,336,7,true
13961,337,7,true
13962,348,7,true
13963,351,7,false
13964,363,7,false
13965,365,7,false
13966,366,7,false
13967,377,7,false
13968,390,7,false
13969,391,7,true
13970,396,7,false
13971,397,7,true
13972,398,7,true
13973,399,7,true
13974,400,7,true
13975,401,7,true
13976,402,7,true
13977,403,7,true
13978,404,7,true
13979,405,7,true
13980,406,7,true
13981,407,7,true
13982,408,7,true
13983,409,7,true
13984,410,7,true
13985,411,7,true
13986,412,7,true
13987,413,7,true
13988,414,7,true
13989,415,7,true
13990,416,7,true
13991,417,7,true
13992,418,7,true
13993,419,7,true
13994,420,7,true
13995,421,7,true
13996,422,7,false
13997,423,7,true
13998,424,7,true
13999,425,7,true
14000,426,7,true
14001,427,7,true
14002,428,7,true
14003,429,7,true
14004,430,7,true
14005,431,7,true
14006,432,7,false
14007,433,7,true
14008,434,7,true
14009,435,7,true
14010,436,7,false
14011,437,7,true
14012,438,7,true
14013,439,7,true
14014,440,7,true
14015,441,7,true
14016,442,7,true
14017,447,7,true
14018,448,7,true
14019,450,7,true
14020,451,7,true
14021,452,7,true
14022,453,7,true
14023,456,7,true
14024,457,7,true
14025,458,7,true
14026,459,7,true
14027,461,7,false
14028,462,7,true
14029,464,7,true
14030,467,7,true
14031,468,7,true
14032,469,7,true
14033,470,7,true
14034,471,7,true
14035,472,7,true
14036,473,7,true
14037,474,7,true
14038,476,7,true
14039,477,7,true
14040,478,7,true
14041,479,7,true
14042,480,7,true
14043,481,7,true
14044,482,7,true
14045,483,7,true
14046,484,7,true
14047,362,7,true
14048,364,7,true
14049,388,7,true
14050,389,7,true
14051,392,7,true
14052,393,7,true
14053,394,7,true
14054,395,7,true
14055,140,7,false
14056,443,7,true
14057,444,7,true
14058,445,7,true
14059,446,7,true
14060,449,7,true
14061,454,7,true
14062,475,7,true
14063,485,7,true
14064,486,7,true
14065,487,7,true
14066,455,7,true
14067,460,7,true
14068,463,7,true
14069,465,7,true
14070,466,7,true
14071,120,8,false
14072,121,8,false
14073,122,8,false
14074,123,8,false
14075,124,8,false
14076,125,8,false
14077,126,8,false
14078,127,8,false
14079,128,8,false
14080,129,8,false
14081,130,8,false
14082,131,8,false
14083,132,8,false
14084,133,8,false
14085,134,8,false
14086,135,8,false
14087,136,8,false
14088,137,8,false
14089,138,8,false
14090,139,8,false
14091,141,8,false
14092,142,8,false
14093,143,8,false
14094,144,8,false
14095,145,8,false
14096,146,8,false
14097,147,8,false
14098,148,8,false
14099,149,8,false
14100,150,8,false
14101,151,8,false
14102,153,8,false
14103,154,8,false
14104,155,8,false
14105,156,8,false
14106,157,8,false
14107,158,8,false
14108,159,8,false
14109,160,8,false
14110,161,8,false
14111,162,8,false
14112,163,8,false
14113,164,8,false
14114,165,8,false
14115,166,8,false
14116,167,8,false
14117,168,8,false
14118,169,8,false
14119,170,8,false
14120,171,8,false
14121,172,8,false
14122,173,8,false
14123,174,8,false
14124,175,8,false
14125,176,8,false
14126,177,8,false
14127,178,8,false
14128,179,8,false
14129,180,8,false
14130,181,8,false
14131,182,8,false
14132,183,8,false
14133,185,8,false
14134,186,8,false
14135,187,8,false
14136,188,8,false
14137,189,8,false
14138,190,8,false
14139,191,8,false
14140,192,8,false
14141,193,8,false
14142,194,8,false
14143,195,8,false
14144,196,8,false
14145,197,8,false
14146,198,8,false
14147,199,8,false
14148,200,8,false
14149,201,8,false
14150,202,8,false
14151,203,8,false
14152,204,8,false
14153,205,8,false
14154,206,8,false
14155,207,8,false
14156,208,8,false
14157,209,8,false
14158,210,8,false
14159,211,8,false
14160,212,8,false
14161,213,8,false
14162,214,8,false
14163,215,8,false
14164,216,8,false
14165,217,8,false
14166,218,8,false
14167,219,8,false
14168,220,8,false
14169,221,8,false
14170,222,8,false
14171,223,8,false
14172,224,8,false
14173,225,8,false
14174,226,8,false
14175,227,8,false
14176,228,8,false
14177,229,8,false
14178,230,8,false
14179,231,8,false
14180,232,8,false
14181,233,8,false
14182,234,8,false
14183,235,8,false
14184,236,8,false
14185,237,8,false
14186,238,8,false
14187,239,8,false
14188,240,8,false
14189,241,8,false
14190,242,8,false
14191,243,8,false
14192,244,8,false
14193,245,8,false
14194,246,8,false
14195,247,8,false
14196,248,8,false
14197,249,8,false
14198,250,8,false
14199,251,8,false
14200,252,8,false
14201,253,8,false
14202,254,8,false
14203,255,8,false
14204,256,8,false
14205,257,8,false
14206,258,8,false
14207,259,8,false
14208,260,8,false
14209,261,8,false
14210,262,8,false
14211,263,8,false
14212,264,8,false
14213,265,8,false
14214,266,8,false
14215,267,8,false
14216,268,8,false
14217,269,8,false
14218,270,8,false
14219,271,8,false
14220,272,8,false
14221,273,8,false
14222,274,8,false
14223,275,8,false
14224,276,8,false
14225,277,8,false
14226,278,8,false
14227,279,8,false
14228,280,8,false
14229,281,8,false
14230,282,8,false
14231,283,8,false
14232,284,8,false
14233,285,8,false
14234,286,8,false
14235,287,8,false
14236,288,8,false
14237,289,8,false
14238,290,8,false
14239,291,8,false
14240,292,8,false
14241,293,8,false
14242,294,8,false
14243,295,8,false
14244,296,8,false
14245,297,8,false
14246,298,8,false
14247,299,8,false
14248,300,8,false
14249,301,8,false
14250,302,8,false
14251,303,8,false
14252,304,8,false
14253,305,8,false
14254,306,8,false
14255,307,8,false
14256,308,8,false
14257,309,8,false
14258,310,8,false
14259,311,8,false
14260,312,8,false
14261,313,8,false
14262,314,8,false
14263,315,8,false
14264,316,8,false
14265,317,8,false
14266,318,8,false
14267,319,8,false
14268,320,8,false
14269,321,8,false
14270,322,8,false
14271,323,8,false
14272,324,8,false
14273,325,8,false
14274,326,8,false
14275,327,8,false
14276,328,8,false
14277,329,8,false
14278,330,8,false
14279,331,8,false
14280,332,8,false
14281,333,8,false
14282,334,8,false
14283,335,8,false
14284,336,8,false
14285,337,8,false
14286,348,8,false
14287,351,8,false
14288,363,8,false
14289,365,8,false
14290,366,8,false
14291,377,8,false
14292,390,8,false
14293,391,8,false
14294,396,8,false
14295,397,8,false
14296,398,8,false
14297,399,8,false
14298,400,8,false
14299,401,8,false
14300,402,8,false
14301,403,8,false
14302,404,8,false
14303,405,8,false
14304,406,8,false
14305,407,8,false
14306,408,8,false
14307,409,8,false
14308,410,8,false
14309,411,8,false
14310,412,8,false
14311,413,8,false
14312,414,8,false
14313,415,8,false
14314,416,8,false
14315,417,8,false
14316,418,8,false
14317,419,8,false
14318,420,8,false
14319,421,8,false
14320,422,8,false
14321,423,8,false
14322,424,8,false
14323,425,8,false
14324,426,8,false
14325,427,8,false
14326,428,8,false
14327,429,8,false
14328,430,8,false
14329,431,8,false
14330,432,8,false
14331,433,8,false
14332,434,8,false
14333,435,8,false
14334,436,8,false
14335,437,8,false
14336,438,8,false
14337,439,8,false
14338,440,8,false
14339,441,8,false
14340,442,8,false
14341,447,8,false
14342,448,8,false
14343,450,8,false
14344,451,8,false
14345,452,8,false
14346,453,8,false
14347,456,8,false
14348,457,8,false
14349,458,8,false
14350,459,8,false
14351,461,8,false
14352,462,8,false
14353,464,8,false
14354,467,8,false
14355,468,8,false
14356,469,8,false
14357,470,8,false
14358,471,8,false
14359,472,8,false
14360,473,8,false
14361,474,8,false
14362,476,8,false
14363,477,8,false
14364,478,8,false
14365,479,8,false
14366,480,8,false
14367,481,8,false
14368,482,8,false
14369,483,8,false
14370,484,8,false
14371,362,8,false
14372,364,8,false
14373,388,8,false
14374,389,8,false
14375,392,8,false
14376,393,8,false
14377,394,8,false
14378,395,8,false
14379,140,8,false
14380,443,8,false
14381,444,8,false
14382,445,8,false
14383,446,8,false
14384,449,8,false
14385,454,8,false
14386,475,8,false
14387,485,8,false
14388,486,8,false
14389,487,8,false
14390,455,8,false
14391,460,8,false
14392,463,8,false
14393,465,8,false
14394,466,8,false
14395,120,9,True
14396,121,9,True
14397,122,9,True
14398,123,9,True
14399,124,9,True
14400,125,9,True
14401,126,9,True
14402,127,9,True
14403,128,9,True
14404,129,9,True
14405,130,9,True
14406,131,9,True
14407,132,9,True
14408,133,9,True
14409,134,9,True
14410,135,9,True
14411,136,9,True
14412,137,9,True
14413,138,9,True
14414,139,9,True
14415,141,9,True
14416,142,9,True
14417,143,9,True
14418,144,9,True
14419,145,9,True
14420,146,9,True
14421,147,9,True
14422,148,9,True
14423,149,9,True
14424,150,9,True
14425,151,9,True
14426,153,9,True
14427,154,9,True
14428,155,9,True
14429,156,9,True
14430,157,9,True
14431,158,9,True
14432,159,9,True
14433,160,9,True
14434,161,9,True
14435,162,9,True
14436,163,9,True
14437,164,9,True
14438,165,9,True
14439,166,9,True
14440,167,9,True
14441,168,9,True
14442,169,9,True
14443,170,9,True
14444,171,9,True
14445,172,9,True
14446,173,9,True
14447,174,9,True
14448,175,9,True
14449,176,9,True
14450,177,9,True
14451,178,9,True
14452,179,9,True
14453,180,9,True
14454,181,9,True
14455,182,9,True
14456,183,9,True
14457,185,9,True
14458,186,9,True
14459,187,9,True
14460,188,9,True
14461,189,9,True
14462,190,9,True
14463,191,9,True
14464,192,9,True
14465,193,9,True
14466,194,9,True
14467,195,9,True
14468,196,9,True
14469,197,9,True
14470,198,9,True
14471,199,9,True
14472,200,9,True
14473,201,9,True
14474,202,9,True
14475,203,9,True
14476,204,9,True
14477,205,9,True
14478,206,9,True
14479,207,9,True
14480,208,9,True
14481,209,9,True
14482,210,9,True
14483,211,9,True
14484,212,9,True
14485,213,9,True
14486,214,9,True
14487,215,9,True
14488,216,9,True
14489,217,9,True
14490,218,9,True
14491,219,9,True
14492,220,9,True
14493,221,9,True
14494,222,9,True
14495,223,9,True
14496,224,9,True
14497,225,9,True
14498,226,9,True
14499,227,9,True
14500,228,9,True
14501,229,9,True
14502,230,9,True
14503,231,9,True
14504,232,9,True
14505,233,9,True
14506,234,9,True
14507,235,9,True
14508,236,9,True
14509,237,9,True
14510,238,9,True
14511,239,9,True
14512,240,9,True
14513,241,9,True
14514,242,9,True
14515,243,9,True
14516,244,9,True
14517,245,9,True
14518,246,9,True
14519,247,9,True
14520,248,9,True
14521,249,9,True
14522,250,9,True
14523,251,9,True
14524,252,9,True
14525,253,9,True
14526,254,9,True
14527,255,9,True
14528,256,9,True
14529,257,9,True
14530,258,9,True
14531,259,9,True
14532,260,9,True
14533,261,9,True
14534,262,9,True
14535,263,9,True
14536,264,9,True
14537,265,9,True
14538,266,9,True
14539,267,9,True
14540,268,9,True
14541,269,9,True
14542,270,9,True
14543,271,9,True
14544,272,9,True
14545,273,9,True
14546,274,9,True
14547,275,9,True
14548,276,9,True
14549,277,9,True
14550,278,9,True
14551,279,9,True
14552,280,9,True
14553,281,9,True
14554,282,9,True
14555,283,9,True
14556,284,9,True
14557,285,9,True
14558,286,9,True
14559,287,9,True
14560,288,9,True
14561,289,9,True
14562,290,9,True
14563,291,9,True
14564,292,9,True
14565,293,9,True
14566,294,9,True
14567,295,9,True
14568,296,9,True
14569,297,9,True
14570,298,9,True
14571,299,9,True
14572,300,9,True
14573,301,9,True
14574,302,9,True
14575,303,9,True
14576,304,9,True
14577,305,9,True
14578,306,9,True
14579,307,9,True
14580,308,9,True
14581,309,9,True
14582,310,9,True
14583,311,9,True
14584,312,9,True
14585,313,9,True
14586,314,9,True
14587,315,9,True
14588,316,9,True
14589,317,9,True
14590,318,9,True
14591,319,9,True
14592,320,9,True
14593,321,9,True
14594,322,9,True
14595,323,9,True
14596,324,9,True
14597,325,9,True
14598,326,9,True
14599,327,9,True
14600,328,9,True
14601,329,9,True
14602,330,9,True
14603,331,9,True
14604,332,9,True
14605,333,9,True
14606,334,9,True
14607,335,9,True
14608,336,9,True
14609,337,9,True
14610,348,9,True
14611,351,9,True
14612,363,9,True
14613,365,9,True
14614,366,9,True
14615,377,9,True
14616,390,9,True
14617,391,9,True
14618,396,9,True
14619,397,9,True
14620,398,9,True
14621,399,9,True
14622,400,9,True
14623,401,9,True
14624,402,9,True
14625,403,9,True
14626,404,9,True
14627,405,9,True
14628,406,9,True
14629,407,9,True
14630,408,9,True
14631,409,9,True
14632,410,9,True
14633,411,9,True
14634,412,9,True
14635,413,9,True
14636,414,9,True
14637,415,9,True
14638,416,9,True
14639,417,9,True
14640,418,9,True
14641,419,9,True
14642,420,9,True
14643,421,9,True
14644,422,9,True
14645,423,9,True
14646,424,9,True
14647,425,9,True
14648,426,9,True
14649,427,9,True
14650,428,9,True
14651,429,9,True
14652,430,9,True
14653,431,9,True
14654,432,9,True
14655,433,9,True
14656,434,9,True
14657,435,9,True
14658,436,9,True
14659,437,9,True
14660,438,9,True
14661,439,9,True
14662,440,9,True
14663,441,9,True
14664,442,9,True
14665,447,9,True
14666,448,9,True
14667,450,9,True
14668,451,9,True
14669,452,9,True
14670,453,9,True
14671,456,9,True
14672,457,9,True
14673,458,9,True
14674,459,9,True
14675,461,9,True
14676,462,9,True
14677,464,9,True
14678,467,9,True
14679,468,9,True
14680,469,9,True
14681,470,9,True
14682,471,9,True
14683,472,9,True
14684,473,9,True
14685,474,9,True
14686,476,9,True
14687,477,9,True
14688,478,9,True
14689,479,9,True
14690,480,9,True
14691,481,9,True
14692,482,9,True
14693,483,9,True
14694,484,9,True
14695,362,9,True
14696,364,9,True
14697,388,9,True
14698,389,9,True
14699,392,9,True
14700,393,9,True
14701,394,9,True
14702,395,9,True
14703,140,9,True
14704,443,9,True
14705,444,9,True
14706,445,9,True
14707,446,9,True
14708,449,9,True
14709,454,9,True
14710,475,9,True
14711,485,9,True
14712,486,9,True
14713,487,9,True
14714,455,9,True
14715,460,9,True
14716,463,9,True
14717,465,9,True
14718,466,9,True
14719,120,10,false
14720,121,10,false
14721,122,10,false
14722,123,10,false
14723,124,10,false
14724,125,10,false
14725,126,10,false
14726,127,10,false
14727,128,10,false
14728,129,10,false
14729,130,10,True
14730,131,10,false
14731,132,10,false
14732,133,10,false
14733,134,10,false
14734,135,10,True
14735,136,10,false
14736,137,10,false
14737,138,10,false
14738,139,10,false
14739,141,10,false
14740,142,10,false
14741,143,10,false
14742,144,10,false
14743,145,10,false
14744,146,10,false
14745,147,10,false
14746,148,10,True
14747,149,10,false
14748,150,10,false
14749,151,10,false
14750,153,10,false
14751,154,10,false
14752,155,10,false
14753,156,10,false
14754,157,10,True
14755,158,10,false
14756,159,10,false
14757,160,10,false
14758,161,10,false
14759,162,10,false
14760,163,10,false
14761,164,10,false
14762,165,10,false
14763,166,10,false
14764,167,10,false
14765,168,10,false
14766,169,10,false
14767,170,10,false
14768,171,10,false
14769,172,10,false
14770,173,10,false
14771,174,10,false
14772,175,10,false
14773,176,10,false
14774,177,10,false
14775,178,10,false
14776,179,10,false
14777,180,10,false
14778,181,10,false
14779,182,10,false
14780,183,10,false
14781,185,10,false
14782,186,10,false
14783,187,10,false
14784,188,10,false
14785,189,10,false
14786,190,10,false
14787,191,10,false
14788,192,10,false
14789,193,10,false
14790,194,10,false
14791,195,10,false
14792,196,10,false
14793,197,10,false
14794,198,10,false
14795,199,10,false
14796,200,10,false
14797,201,10,false
14798,202,10,false
14799,203,10,false
14800,204,10,false
14801,205,10,false
14802,206,10,True
14803,207,10,false
14804,208,10,false
14805,209,10,false
14806,210,10,false
14807,211,10,false
14808,212,10,false
14809,213,10,false
14810,214,10,false
14811,215,10,false
14812,216,10,false
14813,217,10,false
14814,218,10,false
14815,219,10,false
14816,220,10,false
14817,221,10,false
14818,222,10,false
14819,223,10,false
14820,224,10,false
14821,225,10,false
14822,226,10,false
14823,227,10,false
14824,228,10,false
14825,229,10,false
14826,230,10,false
14827,231,10,false
14828,232,10,false
14829,233,10,false
14830,234,10,false
14831,235,10,false
14832,236,10,false
14833,237,10,false
14834,238,10,false
14835,239,10,True
14836,240,10,false
14837,241,10,false
14838,242,10,false
14839,243,10,false
14840,244,10,false
14841,245,10,false
14842,246,10,false
14843,247,10,false
14844,248,10,false
14845,249,10,false
14846,250,10,false
14847,251,10,false
14848,252,10,false
14849,253,10,false
14850,254,10,True
14851,255,10,false
14852,256,10,false
14853,257,10,false
14854,258,10,false
14855,259,10,false
14856,260,10,false
14857,261,10,false
14858,262,10,True
14859,263,10,false
14860,264,10,false
14861,265,10,false
14862,266,10,false
14863,267,10,false
14864,268,10,false
14865,269,10,false
14866,270,10,false
14867,271,10,True
14868,272,10,false
14869,273,10,false
14870,274,10,false
14871,275,10,false
14872,276,10,false
14873,277,10,false
14874,278,10,false
14875,279,10,false
14876,280,10,false
14877,281,10,false
14878,282,10,false
14879,283,10,false
14880,284,10,false
14881,285,10,false
14882,286,10,false
14883,287,10,false
14884,288,10,false
14885,289,10,false
14886,290,10,false
14887,291,10,false
14888,292,10,false
14889,293,10,false
14890,294,10,false
14891,295,10,false
14892,296,10,false
14893,297,10,false
14894,298,10,false
14895,299,10,false
14896,300,10,false
14897,301,10,false
14898,302,10,false
14899,303,10,false
14900,304,10,false
14901,305,10,True
14902,306,10,false
14903,307,10,false
14904,308,10,false
14905,309,10,false
14906,310,10,false
14907,311,10,false
14908,312,10,false
14909,313,10,false
14910,314,10,false
14911,315,10,false
14912,316,10,True
14913,317,10,false
14914,318,10,True
14915,319,10,false
14916,320,10,false
14917,321,10,false
14918,322,10,false
14919,323,10,false
14920,324,10,false
14921,325,10,false
14922,326,10,false
14923,327,10,True
14924,328,10,false
14925,329,10,false
14926,330,10,false
14927,331,10,false
14928,332,10,false
14929,333,10,false
14930,334,10,false
14931,335,10,false
14932,336,10,True
14933,337,10,True
14934,348,10,True
14935,351,10,false
14936,363,10,false
14937,365,10,false
14938,366,10,false
14939,377,10,false
14940,390,10,false
14941,391,10,false
14942,396,10,false
14943,397,10,True
14944,398,10,True
14945,399,10,false
14946,400,10,false
14947,401,10,True
14948,402,10,True
14949,403,10,True
14950,404,10,True
14951,405,10,false
14952,406,10,True
14953,407,10,false
14954,408,10,false
14955,409,10,True
14956,410,10,True
14957,411,10,True
14958,412,10,True
14959,413,10,false
14960,414,10,True
14961,415,10,false
14962,416,10,false
14963,417,10,True
14964,418,10,false
14965,419,10,false
14966,420,10,True
14967,421,10,false
14968,422,10,false
14969,423,10,false
14970,424,10,True
14971,425,10,True
14972,426,10,True
14973,427,10,True
14974,428,10,True
14975,429,10,True
14976,430,10,false
14977,431,10,false
14978,432,10,false
14979,433,10,True
14980,434,10,false
14981,435,10,True
14982,436,10,True
14983,437,10,True
14984,438,10,True
14985,439,10,false
14986,440,10,false
14987,441,10,false
14988,442,10,True
14989,447,10,True
14990,448,10,false
14991,450,10,True
14992,451,10,True
14993,452,10,false
14994,453,10,True
14995,456,10,false
14996,457,10,false
14997,458,10,false
14998,459,10,True
14999,461,10,false
15000,462,10,True
15001,464,10,false
15002,467,10,True
15003,468,10,false
15004,469,10,false
15005,470,10,True
15006,471,10,True
15007,472,10,false
15008,473,10,True
15009,474,10,false
15010,476,10,false
15011,477,10,True
15012,478,10,True
15013,479,10,True
15014,480,10,True
15015,481,10,false
15016,482,10,True
15017,483,10,false
15018,484,10,false
15019,362,10,false
15020,364,10,false
15021,388,10,false
15022,389,10,false
15023,392,10,false
15024,393,10,false
15025,394,10,false
15026,395,10,false
15027,140,10,false
15028,443,10,false
15029,444,10,false
15030,445,10,false
15031,446,10,false
15032,449,10,false
15033,454,10,false
15034,475,10,false
15035,485,10,false
15036,486,10,false
15037,487,10,false
15038,455,10,True
15039,460,10,True
15040,463,10,false
15041,465,10,false
15042,466,10,True
15043,120,11,false
15044,121,11,false
15045,122,11,false
15046,123,11,false
15047,124,11,false
15048,125,11,false
15049,126,11,false
15050,127,11,false
15051,128,11,false
15052,129,11,false
15053,130,11,false
15054,131,11,false
15055,132,11,false
15056,133,11,false
15057,134,11,false
15058,135,11,false
15059,136,11,false
15060,137,11,false
15061,138,11,false
15062,139,11,false
15063,141,11,false
15064,142,11,false
15065,143,11,false
15066,144,11,false
15067,145,11,false
15068,146,11,false
15069,147,11,false
15070,148,11,false
15071,149,11,false
15072,150,11,false
15073,151,11,false
15074,153,11,false
15075,154,11,false
15076,155,11,false
15077,156,11,false
15078,157,11,false
15079,158,11,false
15080,159,11,false
15081,160,11,false
15082,161,11,false
15083,162,11,false
15084,163,11,false
15085,164,11,false
15086,165,11,false
15087,166,11,false
15088,167,11,false
15089,168,11,false
15090,169,11,false
15091,170,11,false
15092,171,11,false
15093,172,11,false
15094,173,11,false
15095,174,11,false
15096,175,11,false
15097,176,11,false
15098,177,11,false
15099,178,11,false
15100,179,11,false
15101,180,11,false
15102,181,11,false
15103,182,11,false
15104,183,11,false
15105,185,11,false
15106,186,11,false
15107,187,11,false
15108,188,11,false
15109,189,11,false
15110,190,11,false
15111,191,11,false
15112,192,11,false
15113,193,11,false
15114,194,11,false
15115,195,11,false
15116,196,11,false
15117,197,11,false
15118,198,11,false
15119,199,11,false
15120,200,11,false
15121,201,11,false
15122,202,11,false
15123,203,11,false
15124,204,11,false
15125,205,11,false
15126,206,11,false
15127,207,11,false
15128,208,11,false
15129,209,11,false
15130,210,11,false
15131,211,11,false
15132,212,11,false
15133,213,11,false
15134,214,11,false
15135,215,11,false
15136,216,11,false
15137,217,11,false
15138,218,11,false
15139,219,11,false
15140,220,11,false
15141,221,11,false
15142,222,11,false
15143,223,11,false
15144,224,11,false
15145,225,11,false
15146,226,11,false
15147,227,11,false
15148,228,11,false
15149,229,11,false
15150,230,11,false
15151,231,11,false
15152,232,11,false
15153,233,11,false
15154,234,11,false
15155,235,11,false
15156,236,11,false
15157,237,11,false
15158,238,11,false
15159,239,11,false
15160,240,11,false
15161,241,11,false
15162,242,11,false
15163,243,11,false
15164,244,11,false
15165,245,11,false
15166,246,11,false
15167,247,11,false
15168,248,11,false
15169,249,11,false
15170,250,11,false
15171,251,11,false
15172,252,11,false
15173,253,11,false
15174,254,11,false
15175,255,11,false
15176,256,11,false
15177,257,11,false
15178,258,11,false
15179,259,11,false
15180,260,11,false
15181,261,11,false
15182,262,11,false
15183,263,11,false
15184,264,11,false
15185,265,11,false
15186,266,11,false
15187,267,11,false
15188,268,11,false
15189,269,11,false
15190,270,11,false
15191,271,11,false
15192,272,11,false
15193,273,11,false
15194,274,11,false
15195,275,11,false
15196,276,11,false
15197,277,11,false
15198,278,11,false
15199,279,11,false
15200,280,11,false
15201,281,11,false
15202,282,11,false
15203,283,11,false
15204,284,11,false
15205,285,11,false
15206,286,11,false
15207,287,11,false
15208,288,11,false
15209,289,11,false
15210,290,11,false
15211,291,11,false
15212,292,11,false
15213,293,11,false
15214,294,11,false
15215,295,11,false
15216,296,11,false
15217,297,11,false
15218,298,11,false
15219,299,11,false
15220,300,11,false
15221,301,11,false
15222,302,11,false
15223,303,11,false
15224,304,11,false
15225,305,11,false
15226,306,11,false
15227,307,11,false
15228,308,11,false
15229,309,11,false
15230,310,11,false
15231,311,11,false
15232,312,11,false
15233,313,11,false
15234,314,11,false
15235,315,11,false
15236,316,11,false
15237,317,11,false
15238,318,11,false
15239,319,11,false
15240,320,11,false
15241,321,11,false
15242,322,11,false
15243,323,11,false
15244,324,11,false
15245,325,11,false
15246,326,11,false
15247,327,11,false
15248,328,11,false
15249,329,11,false
15250,330,11,false
15251,331,11,false
15252,332,11,false
15253,333,11,false
15254,334,11,false
15255,335,11,false
15256,336,11,false
15257,337,11,false
15258,348,11,false
15259,351,11,false
15260,363,11,false
15261,365,11,false
15262,366,11,false
15263,377,11,false
15264,390,11,false
15265,391,11,false
15266,396,11,false
15267,397,11,false
15268,398,11,false
15269,399,11,false
15270,400,11,false
15271,401,11,false
15272,402,11,false
15273,403,11,false
15274,404,11,false
15275,405,11,false
15276,406,11,false
15277,407,11,false
15278,408,11,false
15279,409,11,false
15280,410,11,false
15281,411,11,false
15282,412,11,false
15283,413,11,false
15284,414,11,false
15285,415,11,false
15286,416,11,false
15287,417,11,false
15288,418,11,false
15289,419,11,false
15290,420,11,false
15291,421,11,false
15292,422,11,false
15293,423,11,false
15294,424,11,false
15295,425,11,false
15296,426,11,false
15297,427,11,false
15298,428,11,false
15299,429,11,false
15300,430,11,false
15301,431,11,false
15302,432,11,false
15303,433,11,false
15304,434,11,false
15305,435,11,false
15306,436,11,false
15307,437,11,false
15308,438,11,false
15309,439,11,false
15310,440,11,false
15311,441,11,false
15312,442,11,false
15313,447,11,false
15314,448,11,false
15315,450,11,false
15316,451,11,false
15317,452,11,false
15318,453,11,false
15319,456,11,false
15320,457,11,false
15321,458,11,false
15322,459,11,false
15323,461,11,false
15324,462,11,false
15325,464,11,false
15326,467,11,false
15327,468,11,false
15328,469,11,false
15329,470,11,false
15330,471,11,false
15331,472,11,false
15332,473,11,false
15333,474,11,false
15334,476,11,false
15335,477,11,false
15336,478,11,false
15337,479,11,false
15338,480,11,false
15339,481,11,false
15340,482,11,false
15341,483,11,false
15342,484,11,false
15343,362,11,false
15344,364,11,false
15345,388,11,false
15346,389,11,false
15347,392,11,false
15348,393,11,false
15349,394,11,false
15350,395,11,false
15351,140,11,false
15352,443,11,false
15353,444,11,false
15354,445,11,false
15355,446,11,false
15356,449,11,false
15357,454,11,false
15358,475,11,false
15359,485,11,false
15360,486,11,false
15361,487,11,false
15362,455,11,false
15363,460,11,false
15364,463,11,false
15365,465,11,false
15366,466,11,false
15367,489,9,True
15368,489,6,True
15369,488,1,0,1,2,3
15370,488,2,
15371,488,3,
15372,488,4,
15373,488,7,true
15374,488,6,True
15375,489,1,0,1,2,3
15376,489,2,
15377,489,3,
15378,489,4,
15379,489,7,true
15380,488,9,True

(3107 rows affected)
