Id,Side,Number,BaySize,VehicleId,VehicleBayIdLegacy
--,----,------,-------,---------,------------------
1,0,1,42,150491,1ed99ca8-b651-4f6f-a0e7-b0a801132065
2,0,2,42,150491,0b50872c-4fd1-4bb1-981a-b0a801132069
3,0,3,42,150491,c59ec492-a31d-4c6c-865b-b0a801132069
4,0,4,42,150491,c0ff15a7-4a20-42a5-9628-b0a801132069
5,0,5,42,150491,b851f257-b744-482d-903c-b0a801132069
6,0,6,42,150491,529f6392-4387-4f2d-8c2c-b0a801132069
7,0,7,42,150491,92dbf048-89b3-4fd6-90fb-b0a801132069
8,0,8,42,150491,e12fa3ed-fb61-4d94-b800-b0a801132069
9,0,9,42,150491,294ed27b-8d1b-4d78-b468-b0a801132069
10,0,10,42,150491,8af9c796-5a1f-40ca-ae3d-b0a801132069
11,0,11,42,150491,e842e516-d204-46eb-b3e9-b0a801132069
12,0,12,42,150491,9f455cba-6b31-406c-aa71-b0a801132069
13,0,13,42,150491,4b80a8ec-db85-4ead-b30f-b0a801132069
14,0,14,42,150491,9bc9f941-886d-4e42-8b44-b0a801132069
15,0,15,42,150491,c9995e5b-7b89-4791-95a0-b0a801132069
16,0,16,42,150491,8a34ae2e-a82b-4176-9731-b0a801132069
17,0,17,42,150491,194f569c-e4f8-4e3f-b41c-b0a801132069
18,0,18,42,150491,003a836a-abcf-408b-af0b-b0a801132069
19,0,19,42,150491,055668db-44e6-4ea8-9ceb-b0a801132069
20,0,20,42,150491,06e343cc-6628-4812-ab03-b0a801132069
21,0,21,42,150491,a38eeccf-ee6a-4762-b501-b0a801132069
22,1,1,42,150491,5a18240c-8858-4ab6-974a-b0a801132069
23,1,2,42,150491,2d476a5c-62a9-435f-8f03-b0a801132069
24,1,3,42,150491,3e066ae2-86df-4dd5-a2b4-b0a801132069
25,1,4,42,150491,b6f48291-0dd7-45d0-846f-b0a801132069
26,1,5,42,150491,8636677f-8dc9-4e60-9415-b0a801132069
27,1,6,42,150491,17303020-33a8-4834-bc62-b0a801132069
28,1,7,42,150491,8e2c6fb6-596f-42d7-90da-b0a801132069
29,1,8,42,150491,7129b904-3686-4132-9d20-b0a801132069
30,1,9,42,150491,03518c70-96df-43bb-87f2-b0a801132069
31,1,10,42,150491,2571f494-9c1d-4613-8b76-b0a801132069
32,1,11,42,150491,68808359-8e3e-4ee3-931c-b0a801132069
33,1,12,42,150491,a64429b5-4dc3-48ad-b5ac-b0a801132069
34,1,13,42,150491,c84f5a61-5391-4013-8afd-b0a801132069
35,1,14,42,150491,f1588538-510a-4988-8db7-b0a801132069
36,1,15,42,150491,964f735a-c1d3-4303-8c7d-b0a801132069
37,1,16,42,150491,35ca67f1-262c-4135-b633-b0a801132069
38,1,17,42,150491,3bfd2683-646a-493c-b35a-b0a801132069
39,1,18,42,150491,3ba44d0d-937b-4f72-9bf2-b0a801132069
40,1,19,42,150491,c57179fa-439e-45d3-a433-b0a801132069
41,1,20,42,150491,88b716f8-1631-4e94-9ed7-b0a801132069
42,1,21,42,150491,642f03e4-826c-4b87-adb7-b0a801132069
43,0,1,42,161555,NULL
44,0,2,42,161555,NULL
45,0,3,42,161555,NULL
46,0,4,42,161555,NULL
47,0,5,42,161555,NULL
48,0,6,42,161555,NULL
49,0,7,42,161555,NULL
50,0,8,42,161555,NULL
51,0,9,42,161555,NULL
52,0,10,42,161555,NULL
53,0,11,42,161555,NULL
54,0,12,42,161555,NULL
55,0,13,42,161555,NULL
56,0,14,42,161555,NULL
57,1,1,42,161555,NULL
58,1,2,42,161555,NULL
59,1,3,42,161555,NULL
60,1,4,42,161555,NULL
61,1,5,42,161555,NULL
62,1,6,42,161555,NULL
63,1,7,42,161555,NULL
64,1,8,42,161555,NULL
65,1,9,42,161555,NULL
66,1,10,42,161555,NULL
67,1,11,42,161555,NULL
68,1,12,42,161555,NULL
69,1,13,42,161555,NULL
70,1,14,42,161555,NULL
71,0,1,42,161569,NULL
72,0,2,42,161569,NULL
73,0,3,42,161569,NULL
74,0,4,42,161569,NULL
75,0,5,42,161569,NULL
76,0,6,42,161569,NULL
77,0,7,42,161569,NULL
78,0,8,42,161569,NULL
79,0,9,42,161569,NULL
80,0,10,42,161569,NULL
81,0,11,42,161569,NULL
82,0,12,42,161569,NULL
83,0,13,42,161569,NULL
84,0,14,42,161569,NULL
85,1,1,42,161569,NULL
86,1,2,42,161569,NULL
87,1,3,42,161569,NULL
88,1,4,42,161569,NULL
89,1,5,42,161569,NULL
90,1,6,42,161569,NULL
91,1,7,42,161569,NULL
92,1,8,42,161569,NULL
93,1,9,42,161569,NULL
94,1,10,42,161569,NULL
95,1,11,42,161569,NULL
96,1,12,42,161569,NULL
97,1,13,42,161569,NULL
98,1,14,42,161569,NULL
127,0,10,42,161603,1bdd2c12-850e-4f37-8248-b2f500f93007
128,1,6,42,161603,4084efd7-f046-4d8d-87fb-b2f500f93007
129,0,12,42,161603,125bd82e-e977-48c7-8857-b2f500f93007
130,0,9,42,161603,53874546-80cd-4137-8a3c-b2f500f93007
131,1,4,42,161603,d048b302-6084-424d-8cdc-b2f500f93007
132,0,2,42,161603,2727c180-eec9-41e7-92ee-b2f500f93007
133,1,3,42,161603,535dd9ed-ca7f-45e2-934a-b2f500f93007
134,1,10,42,161603,ad8c6831-c8d0-42c3-9412-b2f500f93007
135,1,1,42,161603,8f43a35b-5814-4a6c-95c0-b2f500f93007
136,0,11,42,161603,b23cd76e-70da-4a5e-961a-b2f500f93007
137,0,13,42,161603,5859284d-1642-4f67-97d7-b2f500f93007
138,1,2,42,161603,fb4038c8-50c0-4a79-983a-b2f500f93007
139,1,7,42,161603,e6ede260-809a-403d-9be4-b2f500f93007
140,0,14,42,161603,6951fa6d-701e-4998-9d75-b2f500f93007
141,1,8,42,161603,4b8c2760-cccb-4906-a56c-b2f500f93007
142,1,13,42,161603,59343100-1900-4d6c-a7f6-b2f500f93007
143,0,5,42,161603,40a32d92-2231-4b22-a83a-b2f500f93007
144,0,3,42,161603,3842280d-7f2b-47c8-a8ef-b2f500f93007
145,1,11,42,161603,c1ff4062-64a5-416c-aa62-b2f500f93007
146,0,7,42,161603,56f6f3d1-789b-4af9-ad72-b2f500f93007
147,0,8,42,161603,344f7b52-4035-47a8-ad7b-b2f500f93007
148,1,12,42,161603,6f6b5b47-222d-4fc9-af08-b2f500f93007
149,0,6,42,161603,761a675e-3e26-4ebc-b01b-b2f500f93007
150,0,4,42,161603,35655623-077c-4a20-b191-b2f500f93007
151,1,9,42,161603,58dc34e9-376e-44af-b241-b2f500f93007
152,1,14,42,161603,9f140b27-f4a7-4404-b2bb-b2f500f93007
153,0,1,42,161603,0ca9bde4-4531-4e18-b517-b2f500f93007
154,1,5,42,161603,4c953550-a0b7-4b42-be78-b2f500f93007
183,0,9,28,161688,e01cb9ce-535a-4016-81f2-b2fd0173e769
184,0,2,28,161688,33daa0b3-f9b3-45f1-82f9-b2fd0173e769
185,1,4,28,161688,72abbec5-e09b-4de6-843a-b2fd0173e769
186,0,12,28,161688,6a9b686d-b79b-4037-89af-b2fd0173e769
187,1,13,28,161688,5711abd3-1691-4401-8c06-b2fd0173e769
188,0,8,28,161688,e13e89be-0bf2-4221-8c97-b2fd0173e769
189,1,3,28,161688,465869b6-c9b2-41ba-9033-b2fd0173e769
190,1,8,28,161688,0be2f687-06d3-4266-90f5-b2fd0173e769
191,1,2,28,161688,7e7884ec-d269-4ded-943e-b2fd0173e769
192,0,14,28,161688,66a00398-253a-4b22-9b38-b2fd0173e769
193,1,6,28,161688,f5176ff2-2dda-4eee-9cee-b2fd0173e769
194,0,11,28,161688,15a55671-99e5-4826-9e5a-b2fd0173e769
195,0,6,28,161688,bc7512ab-6352-4de1-9fee-b2fd0173e769
196,1,10,28,161688,1c8971f1-41e4-4cb6-a3c8-b2fd0173e769
197,0,4,28,161688,50676dba-3253-46d2-a4da-b2fd0173e769
198,0,13,28,161688,d736deee-8886-4f68-a4dc-b2fd0173e769
199,1,7,28,161688,56468628-1fb6-4363-a5ed-b2fd0173e769
200,1,9,28,161688,3c0437f3-90e1-4cee-aa9a-b2fd0173e769
201,1,5,28,161688,c7ce3f2a-7843-4e94-aafb-b2fd0173e769
202,1,11,28,161688,8a2c2d75-272d-44a1-b048-b2fd0173e769
203,1,14,28,161688,3904f85e-6693-4f1e-b519-b2fd0173e769
204,0,10,28,161688,6ef75e1e-ef88-4c37-b540-b2fd0173e769
205,1,12,28,161688,21992895-c5c4-422a-b5d5-b2fd0173e769
206,0,5,28,161688,1bf07b16-2f80-48a1-b73b-b2fd0173e769
207,1,1,28,161688,d96d8e8c-61b9-4a03-b7fc-b2fd0173e769
208,0,3,28,161688,ab96174b-4935-4de2-b82e-b2fd0173e769
209,0,7,28,161688,1081773e-2c02-43db-bff3-b2fd0173e769
210,0,1,28,161688,ebe7c649-fcce-4427-bffe-b2fd0173e769
211,0,1,14,161775,NULL
212,0,2,14,161775,NULL
213,0,3,14,161775,NULL
225,1,1,14,161775,NULL
226,1,2,14,161775,NULL
227,1,3,14,161775,NULL
239,0,1,28,161776,NULL
240,0,2,28,161776,NULL
241,0,3,28,161776,NULL
242,0,4,28,161776,NULL
243,0,5,28,161776,NULL
244,0,6,28,161776,NULL
245,0,7,28,161776,NULL
246,0,8,28,161776,NULL
247,0,9,28,161776,NULL
248,0,10,28,161776,NULL
249,0,11,28,161776,NULL
250,0,12,28,161776,NULL
251,0,13,28,161776,NULL
252,0,14,28,161776,NULL
253,1,1,28,161776,NULL
254,1,2,28,161776,NULL
255,1,3,28,161776,NULL
256,1,4,28,161776,NULL
257,1,5,28,161776,NULL
258,1,6,28,161776,NULL
259,1,7,28,161776,NULL
260,1,8,28,161776,NULL
261,1,9,28,161776,NULL
262,1,10,28,161776,NULL
263,1,11,28,161776,NULL
264,1,12,28,161776,NULL
265,1,13,28,161776,NULL
266,1,14,28,161776,NULL
283,0,1,28,161937,NULL
284,0,2,28,161937,NULL
285,0,3,28,161937,NULL
286,0,4,28,161937,NULL
287,0,5,28,161937,NULL
288,0,6,28,161937,NULL
289,0,7,28,161937,NULL
290,0,8,28,161937,NULL
291,0,9,28,161937,NULL
292,0,10,28,161937,NULL
293,0,11,28,161937,NULL
294,0,12,28,161937,NULL
295,0,13,28,161937,NULL
296,0,14,28,161937,NULL
297,1,1,28,161937,NULL
298,1,2,28,161937,NULL
299,1,3,28,161937,NULL
300,1,4,28,161937,NULL
301,1,5,28,161937,NULL
302,1,6,28,161937,NULL
303,1,7,28,161937,NULL
304,1,8,28,161937,NULL
305,1,9,28,161937,NULL
306,1,10,28,161937,NULL
307,1,11,28,161937,NULL
308,1,12,28,161937,NULL
309,1,13,28,161937,NULL
310,1,14,28,161937,NULL
311,0,1,42,162007,NULL
312,0,2,42,162007,NULL
313,0,3,42,162007,NULL
314,0,4,42,162007,NULL
315,0,5,42,162007,NULL
316,0,6,42,162007,NULL
317,0,7,42,162007,NULL
318,0,8,42,162007,NULL
319,0,9,42,162007,NULL
320,0,10,42,162007,NULL
321,0,11,42,162007,NULL
322,0,12,42,162007,NULL
323,0,13,42,162007,NULL
324,0,14,42,162007,NULL
325,0,15,42,162007,NULL
326,0,16,42,162007,NULL
327,0,17,42,162007,NULL
328,0,18,42,162007,NULL
329,0,19,42,162007,NULL
330,0,20,42,162007,NULL
331,0,21,42,162007,NULL
332,1,1,42,162007,NULL
333,1,2,42,162007,NULL
334,1,3,42,162007,NULL
335,1,4,42,162007,NULL
336,1,5,42,162007,NULL
337,1,6,42,162007,NULL
338,1,7,42,162007,NULL
339,1,8,42,162007,NULL
340,1,9,42,162007,NULL
341,1,10,42,162007,NULL
342,1,11,42,162007,NULL
343,1,12,42,162007,NULL
344,1,13,42,162007,NULL
345,1,14,42,162007,NULL
346,1,15,42,162007,NULL
347,1,16,42,162007,NULL
348,1,17,42,162007,NULL
349,1,18,42,162007,NULL
350,1,19,42,162007,NULL
351,1,20,42,162007,NULL
352,1,21,42,162007,NULL
353,0,1,35,162024,NULL
354,0,2,42,162024,NULL
355,0,3,35,162024,NULL
356,0,4,35,162024,NULL
357,0,5,42,162024,NULL
358,1,1,35,162024,NULL
359,1,2,42,162024,NULL
360,1,3,35,162024,NULL
361,1,4,35,162024,NULL
362,1,5,42,162024,NULL
373,0,1,35,162054,NULL
374,0,2,42,162054,NULL
375,0,3,35,162054,NULL
376,0,4,35,162054,NULL
377,0,5,42,162054,NULL
378,1,1,35,162054,NULL
379,1,2,42,162054,NULL
380,1,3,35,162054,NULL
381,1,4,35,162054,NULL
382,1,5,42,162054,NULL
383,0,1,35,162056,NULL
384,0,2,42,162056,NULL
385,0,3,35,162056,NULL
386,0,4,35,162056,NULL
387,0,5,42,162056,NULL
388,1,1,35,162056,NULL
389,1,2,42,162056,NULL
390,1,3,35,162056,NULL
391,1,4,35,162056,NULL
392,1,5,42,162056,NULL
393,0,1,35,162057,NULL
394,0,2,42,162057,NULL
395,0,3,35,162057,NULL
396,0,4,35,162057,NULL
397,0,5,42,162057,NULL
398,1,1,35,162057,NULL
399,1,2,42,162057,NULL
400,1,3,35,162057,NULL
401,1,4,35,162057,NULL
402,1,5,42,162057,NULL
403,0,1,35,162058,NULL
404,0,2,42,162058,NULL
405,0,3,35,162058,NULL
406,0,4,35,162058,NULL
407,0,5,42,162058,NULL
408,1,1,35,162058,NULL
409,1,2,42,162058,NULL
410,1,3,35,162058,NULL
411,1,4,35,162058,NULL
412,1,5,42,162058,NULL
413,0,1,35,162059,NULL
414,0,2,42,162059,NULL
415,0,3,35,162059,NULL
416,0,4,35,162059,NULL
417,0,5,42,162059,NULL
418,1,1,35,162059,NULL
419,1,2,42,162059,NULL
420,1,3,35,162059,NULL
421,1,4,35,162059,NULL
422,1,5,42,162059,NULL
423,0,1,35,162060,NULL
424,0,2,42,162060,NULL
425,0,3,35,162060,NULL
426,0,4,35,162060,NULL
427,0,5,42,162060,NULL
428,1,1,35,162060,NULL
429,1,2,42,162060,NULL
430,1,3,35,162060,NULL
431,1,4,35,162060,NULL
432,1,5,42,162060,NULL
443,0,1,35,162062,NULL
444,0,2,42,162062,NULL
445,0,3,35,162062,NULL
446,0,4,35,162062,NULL
447,0,5,42,162062,NULL
448,1,1,35,162062,NULL
449,1,2,42,162062,NULL
450,1,3,35,162062,NULL
451,1,4,35,162062,NULL
452,1,5,42,162062,NULL
453,0,1,35,162063,NULL
454,0,2,42,162063,NULL
455,0,3,35,162063,NULL
456,0,4,35,162063,NULL
457,0,5,42,162063,NULL
458,1,1,35,162063,NULL
459,1,2,42,162063,NULL
460,1,3,35,162063,NULL
461,1,4,35,162063,NULL
462,1,5,42,162063,NULL
463,0,1,35,162064,NULL
464,0,2,42,162064,NULL
465,0,3,35,162064,NULL
466,0,4,35,162064,NULL
467,0,5,42,162064,NULL
468,1,1,35,162064,NULL
469,1,2,42,162064,NULL
470,1,3,35,162064,NULL
471,1,4,35,162064,NULL
472,1,5,42,162064,NULL
483,0,1,35,162066,NULL
484,0,2,42,162066,NULL
485,0,3,35,162066,NULL
486,0,4,35,162066,NULL
487,0,5,42,162066,NULL
488,1,1,35,162066,NULL
489,1,2,42,162066,NULL
490,1,3,35,162066,NULL
491,1,4,35,162066,NULL
492,1,5,42,162066,NULL
493,0,1,35,162067,NULL
494,0,2,42,162067,NULL
495,0,3,35,162067,NULL
496,0,4,35,162067,NULL
497,0,5,42,162067,NULL
498,1,1,35,162067,NULL
499,1,2,42,162067,NULL
500,1,3,35,162067,NULL
501,1,4,35,162067,NULL
502,1,5,42,162067,NULL
503,0,1,35,162025,64c78946-b7cc-439e-889a-b33000ee18ab
504,1,4,35,162025,d78f078b-b00e-48ca-89aa-b33000ee18ab
505,0,5,42,162025,25550371-96bf-4cdf-8ba4-b33000ee18ab
506,1,1,35,162025,9699a675-94c7-4bf9-8bd3-b33000ee18ab
507,0,3,35,162025,018e7ce2-fd74-4978-92d0-b33000ee18ab
508,1,5,42,162025,225b9709-9273-4cf5-a668-b33000ee18ab
509,0,2,42,162025,459e689e-52a2-4caa-a7e8-b33000ee18ab
510,1,3,35,162025,239de0d2-c85e-4b21-a938-b33000ee18ab
511,1,2,42,162025,a9781a61-229c-46f1-b41c-b33000ee18ab
512,0,4,35,162025,08af7c31-0895-497f-b5ab-b33000ee18ab
513,1,5,42,162061,43be3a12-acf2-48aa-83c0-b33000f36dc4
514,1,4,35,162061,c1eddf21-3004-4f51-89cd-b33000f36dc4
515,0,3,35,162061,04db7172-0ab8-4d03-8a54-b33000f36dc4
516,0,2,42,162061,c375d67f-e364-44cd-9d9b-b33000f36dc4
517,0,4,35,162061,1837d6ca-b86a-4e1b-a0f0-b33000f36dc4
518,0,1,35,162061,d7ee1a26-c83b-467f-a4ac-b33000f36dc4
519,0,5,42,162061,a0b3b18e-99c6-445c-b040-b33000f36dc4
520,1,3,35,162061,34d4ef14-de26-4e60-b1e2-b33000f36dc4
521,1,2,42,162061,ff3a308e-4729-402e-bc6f-b33000f36dc4
522,1,1,35,162061,80a5e62f-d3ad-4cd7-bd5e-b33000f36dc4
523,0,1,42,162150,NULL
524,0,2,42,162150,NULL
525,0,3,42,162150,NULL
526,0,4,42,162150,NULL
527,0,5,42,162150,NULL
528,0,6,42,162150,NULL
529,0,7,42,162150,NULL
530,0,8,42,162150,NULL
531,0,9,42,162150,NULL
532,0,10,42,162150,NULL
533,0,11,42,162150,NULL
534,0,12,42,162150,NULL
535,0,13,42,162150,NULL
536,0,14,42,162150,NULL
537,1,1,42,162150,NULL
538,1,2,42,162150,NULL
539,1,3,42,162150,NULL
540,1,4,42,162150,NULL
541,1,5,42,162150,NULL
542,1,6,42,162150,NULL
543,1,7,42,162150,NULL
544,1,8,42,162150,NULL
545,1,9,42,162150,NULL
546,1,10,42,162150,NULL
547,1,11,42,162150,NULL
548,1,12,42,162150,NULL
549,1,13,42,162150,NULL
550,1,14,42,162150,NULL
551,0,1,14,162157,NULL
552,0,2,14,162157,NULL
553,0,3,14,162157,NULL
554,0,4,14,162157,NULL
555,0,5,14,162157,NULL
556,0,6,14,162157,NULL
557,0,7,14,162157,NULL
558,0,8,14,162157,NULL
559,0,9,14,162157,NULL
560,0,10,14,162157,NULL
561,0,11,14,162157,NULL
562,0,12,14,162157,NULL
563,0,13,14,162157,NULL
564,0,14,14,162157,NULL
565,1,1,14,162157,NULL
566,1,2,14,162157,NULL
567,1,3,14,162157,NULL
568,1,4,14,162157,NULL
569,1,5,14,162157,NULL
570,1,6,14,162157,NULL
571,1,7,14,162157,NULL
572,1,8,14,162157,NULL
573,1,9,14,162157,NULL
574,1,10,14,162157,NULL
575,1,11,14,162157,NULL
576,1,12,14,162157,NULL
577,1,13,14,162157,NULL
578,1,14,14,162157,NULL
589,0,1,35,162164,NULL
590,0,2,42,162164,NULL
591,0,3,35,162164,NULL
592,0,4,42,162164,NULL
593,1,1,35,162164,NULL
594,1,2,42,162164,NULL
595,1,3,35,162164,NULL
596,1,4,42,162164,NULL
597,0,1,35,162165,NULL
598,0,2,42,162165,NULL
599,0,3,35,162165,NULL
600,0,4,42,162165,NULL
601,1,1,35,162165,NULL
602,1,2,42,162165,NULL
603,1,3,35,162165,NULL
604,1,4,42,162165,NULL
605,0,1,35,162173,NULL
606,0,2,42,162173,NULL
607,0,3,35,162173,NULL
608,0,4,42,162173,NULL
609,1,1,35,162173,NULL
610,1,2,42,162173,NULL
611,1,3,35,162173,NULL
612,1,4,42,162173,NULL
613,0,1,35,162174,NULL
614,0,2,42,162174,NULL
615,0,3,35,162174,NULL
616,0,4,42,162174,NULL
617,1,1,35,162174,NULL
618,1,2,42,162174,NULL
619,1,3,35,162174,NULL
620,1,4,42,162174,NULL
621,0,1,35,162175,NULL
622,0,2,42,162175,NULL
623,0,3,35,162175,NULL
624,0,4,42,162175,NULL
625,1,1,35,162175,NULL
626,1,2,42,162175,NULL
627,1,3,35,162175,NULL
628,1,4,42,162175,NULL
629,0,1,35,162181,NULL
630,0,2,42,162181,NULL
631,0,3,35,162181,NULL
632,0,4,42,162181,NULL
633,1,1,35,162181,NULL
634,1,2,42,162181,NULL
635,1,3,35,162181,NULL
636,1,4,42,162181,NULL
637,0,1,35,162182,NULL
638,0,2,42,162182,NULL
639,0,3,35,162182,NULL
640,0,4,42,162182,NULL
641,1,1,35,162182,NULL
642,1,2,42,162182,NULL
643,1,3,35,162182,NULL
644,1,4,42,162182,NULL
645,0,1,35,162183,NULL
646,0,2,42,162183,NULL
647,0,3,35,162183,NULL
648,0,4,42,162183,NULL
649,1,1,35,162183,NULL
650,1,2,42,162183,NULL
651,1,3,35,162183,NULL
652,1,4,42,162183,NULL
653,0,1,35,162184,NULL
654,0,2,42,162184,NULL
655,0,3,35,162184,NULL
656,0,4,42,162184,NULL
657,1,1,35,162184,NULL
658,1,2,42,162184,NULL
659,1,3,35,162184,NULL
660,1,4,42,162184,NULL
661,0,1,35,162185,NULL
662,0,2,42,162185,NULL
663,0,3,35,162185,NULL
664,0,4,42,162185,NULL
665,1,1,35,162185,NULL
666,1,2,42,162185,NULL
667,1,3,35,162185,NULL
668,1,4,42,162185,NULL
669,0,1,35,162186,NULL
670,0,2,42,162186,NULL
671,0,3,35,162186,NULL
672,0,4,42,162186,NULL
673,1,1,35,162186,NULL
674,1,2,42,162186,NULL
675,1,3,35,162186,NULL
676,1,4,42,162186,NULL
677,0,1,35,162055,NULL
678,0,2,35,162055,NULL
679,0,3,35,162055,NULL
680,1,1,35,162055,NULL
681,1,2,35,162055,NULL
682,1,3,35,162055,NULL
693,0,4,35,162065,2a55674c-bc41-4a63-85fe-b34600f67245
694,0,1,35,162065,d7378be4-860f-406b-8809-b34600f67245
695,1,1,35,162065,7b1fa793-7161-41e2-8aec-b34600f67245
696,1,4,35,162065,02f0196b-ce0e-436d-8e6d-b34600f67245
697,1,5,42,162065,44aac26f-b52f-418d-99bc-b34600f67245
698,0,2,42,162065,b39aba9b-1923-4e35-9b5c-b34600f67245
699,1,2,42,162065,c89740e8-18a2-4462-9ce7-b34600f67245
700,0,5,42,162065,53d5b1b6-a8ff-4261-a129-b34600f67245
701,1,3,35,162065,12e15b70-ae01-47ff-a4d8-b34600f67245
702,0,3,35,162065,c894ec07-ed81-42f5-a7f2-b34600f67245
703,0,1,28,157320,NULL
704,0,2,28,157320,NULL
705,0,3,28,157320,NULL
706,0,4,28,157320,NULL
707,0,5,28,157320,NULL
708,0,6,28,157320,NULL
709,0,7,28,157320,NULL
710,0,8,28,157320,NULL
711,0,9,28,157320,NULL
712,0,10,28,157320,NULL
713,0,11,28,157320,NULL
714,0,12,28,157320,NULL
715,0,13,28,157320,NULL
716,0,14,28,157320,NULL
717,1,1,28,157320,NULL
718,1,2,28,157320,NULL
719,1,3,28,157320,NULL
720,1,4,28,157320,NULL
721,1,5,28,157320,NULL
722,1,6,28,157320,NULL
723,1,7,28,157320,NULL
724,1,8,28,157320,NULL
725,1,9,28,157320,NULL
726,1,10,28,157320,NULL
727,1,11,28,157320,NULL
728,1,12,28,157320,NULL
729,1,13,28,157320,NULL
730,1,14,28,157320,NULL
731,0,1,42,154997,NULL
732,0,2,35,154997,NULL
733,0,3,42,154997,NULL
734,0,4,35,154997,NULL
735,1,1,42,154997,NULL
736,1,2,35,154997,NULL
737,1,3,42,154997,NULL
738,1,4,35,154997,NULL
739,0,1,35,159974,NULL
740,0,2,42,159974,NULL
741,0,3,35,159974,NULL
742,0,4,42,159974,NULL
743,1,1,35,159974,NULL
744,1,2,42,159974,NULL
745,1,3,35,159974,NULL
746,1,4,42,159974,NULL
747,0,1,35,162247,NULL
748,0,2,42,162247,NULL
749,0,3,35,162247,NULL
750,0,4,35,162247,NULL
751,0,5,42,162247,NULL
752,1,1,35,162247,NULL
753,1,2,42,162247,NULL
754,1,3,35,162247,NULL
755,1,4,35,162247,NULL
756,1,5,42,162247,NULL
757,0,1,35,160342,NULL
758,0,2,42,160342,NULL
759,0,3,35,160342,NULL
760,0,4,42,160342,NULL
761,1,1,35,160342,NULL
762,1,2,42,160342,NULL
763,1,3,35,160342,NULL
764,1,4,42,160342,NULL
765,0,1,42,162249,NULL
766,0,2,21,162249,NULL
767,1,1,42,162249,NULL
768,1,2,21,162249,NULL
769,0,1,35,160343,NULL
770,0,2,42,160343,NULL
771,0,3,35,160343,NULL
772,0,4,42,160343,NULL
773,1,1,35,160343,NULL
774,1,2,42,160343,NULL
775,1,3,35,160343,NULL
776,1,4,42,160343,NULL
777,0,1,35,162251,NULL
778,0,2,42,162251,NULL
779,0,3,35,162251,NULL
780,0,4,42,162251,NULL
781,1,1,35,162251,NULL
782,1,2,42,162251,NULL
783,1,3,35,162251,NULL
784,1,4,42,162251,NULL
785,0,1,35,159975,NULL
786,0,2,42,159975,NULL
787,0,3,35,159975,NULL
788,0,4,42,159975,NULL
789,1,1,35,159975,NULL
790,1,2,42,159975,NULL
791,1,3,35,159975,NULL
792,1,4,42,159975,NULL
793,0,1,35,158420,NULL
794,0,2,42,158420,NULL
795,0,3,35,158420,NULL
796,0,4,42,158420,NULL
797,1,1,35,158420,NULL
798,1,2,42,158420,NULL
799,1,3,35,158420,NULL
800,1,4,42,158420,NULL
801,0,1,35,159972,NULL
802,0,2,42,159972,NULL
803,0,3,35,159972,NULL
804,0,4,42,159972,NULL
805,1,1,35,159972,NULL
806,1,2,42,159972,NULL
807,1,3,35,159972,NULL
808,1,4,42,159972,NULL
809,0,1,35,162252,NULL
810,0,2,42,162252,NULL
811,0,3,35,162252,NULL
812,0,4,35,162252,NULL
813,0,5,42,162252,NULL
814,1,1,35,162252,NULL
815,1,2,42,162252,NULL
816,1,3,35,162252,NULL
817,1,4,35,162252,NULL
818,1,5,42,162252,NULL
819,0,1,35,161381,NULL
820,0,2,42,161381,NULL
821,0,3,35,161381,NULL
822,0,4,42,161381,NULL
823,1,1,35,161381,NULL
824,1,2,42,161381,NULL
825,1,3,35,161381,NULL
826,1,4,42,161381,NULL
827,0,1,35,162253,NULL
828,0,2,42,162253,NULL
829,0,3,35,162253,NULL
830,0,4,35,162253,NULL
831,0,5,42,162253,NULL
832,1,1,35,162253,NULL
833,1,2,42,162253,NULL
834,1,3,35,162253,NULL
835,1,4,35,162253,NULL
836,1,5,42,162253,NULL
837,0,1,35,162254,NULL
838,0,2,42,162254,NULL
839,0,3,35,162254,NULL
840,0,4,42,162254,NULL
841,1,1,35,162254,NULL
842,1,2,42,162254,NULL
843,1,3,35,162254,NULL
844,1,4,42,162254,NULL
845,0,1,35,159973,NULL
846,0,2,42,159973,NULL
847,0,3,35,159973,NULL
848,0,4,42,159973,NULL
849,1,1,35,159973,NULL
850,1,2,42,159973,NULL
851,1,3,35,159973,NULL
852,1,4,42,159973,NULL
853,0,1,35,162256,NULL
854,0,2,42,162256,NULL
855,0,3,35,162256,NULL
856,0,4,35,162256,NULL
857,0,5,42,162256,NULL
858,1,1,35,162256,NULL
859,1,2,42,162256,NULL
860,1,3,35,162256,NULL
861,1,4,35,162256,NULL
862,1,5,42,162256,NULL
863,0,1,42,162258,NULL
864,0,2,21,162258,NULL
865,1,1,42,162258,NULL
866,1,2,21,162258,NULL
867,0,1,42,162268,NULL
868,0,2,35,162268,NULL
869,0,3,42,162268,NULL
870,0,4,35,162268,NULL
871,1,1,42,162268,NULL
872,1,2,35,162268,NULL
873,1,3,42,162268,NULL
874,1,4,35,162268,NULL
875,0,1,35,162270,NULL
876,0,2,42,162270,NULL
877,0,3,35,162270,NULL
878,0,4,35,162270,NULL
879,0,5,42,162270,NULL
880,1,1,35,162270,NULL
881,1,2,42,162270,NULL
882,1,3,35,162270,NULL
883,1,4,35,162270,NULL
884,1,5,42,162270,NULL
885,0,1,42,157830,NULL
886,0,2,35,157830,NULL
887,0,3,42,157830,NULL
888,0,4,35,157830,NULL
889,1,1,42,157830,NULL
890,1,2,35,157830,NULL
891,1,3,42,157830,NULL
892,1,4,35,157830,NULL
893,0,1,42,162271,NULL
894,0,2,35,162271,NULL
895,0,3,42,162271,NULL
896,0,4,42,162271,NULL
897,0,5,35,162271,NULL
898,1,1,42,162271,NULL
899,1,2,35,162271,NULL
900,1,3,42,162271,NULL
901,1,4,42,162271,NULL
902,1,5,35,162271,NULL
903,0,1,42,162273,NULL
904,0,2,35,162273,NULL
905,0,3,42,162273,NULL
906,0,4,35,162273,NULL
907,1,1,42,162273,NULL
908,1,2,35,162273,NULL
909,1,3,42,162273,NULL
910,1,4,35,162273,NULL
911,0,1,35,162274,NULL
912,0,2,42,162274,NULL
913,0,3,35,162274,NULL
914,0,4,35,162274,NULL
915,0,5,42,162274,NULL
916,1,1,35,162274,NULL
917,1,2,42,162274,NULL
918,1,3,35,162274,NULL
919,1,4,35,162274,NULL
920,1,5,42,162274,NULL
921,0,1,35,162278,NULL
922,0,2,42,162278,NULL
923,0,3,35,162278,NULL
924,0,4,42,162278,NULL
925,1,1,35,162278,NULL
926,1,2,42,162278,NULL
927,1,3,35,162278,NULL
928,1,4,42,162278,NULL
929,1,1,35,161814,8d864865-fad9-4ad7-8a11-b31e011daaab
930,0,2,42,161814,bfac8ed2-c62e-4c61-8d03-b31e011daaab
931,0,3,35,161814,df9db920-30ba-4950-928d-b31e011daaab
932,1,4,42,161814,936034d5-c569-4d64-a981-b31e011daaab
933,1,2,42,161814,c84197e2-1e42-4c0c-aabc-b31e011daaab
934,0,4,42,161814,4eb7a28b-a40d-4600-b2c9-b31e011daaab
935,0,1,35,161814,159a89c6-9548-4aa0-b71a-b31e011daaab
936,1,3,35,161814,2e6e9fe6-6961-433f-b7aa-b31e011daaab
937,0,1,35,162420,NULL
938,0,2,35,162420,NULL
939,1,1,35,162420,NULL
940,0,1,28,162624,NULL
941,0,2,28,162624,NULL
942,0,3,28,162624,NULL
943,0,4,28,162624,NULL
944,0,5,28,162624,NULL
945,0,6,28,162624,NULL
946,0,7,28,162624,NULL
947,0,8,28,162624,NULL
948,0,9,28,162624,NULL
949,0,10,28,162624,NULL
950,0,11,28,162624,NULL
951,0,12,28,162624,NULL
952,0,13,28,162624,NULL
953,0,14,28,162624,NULL
954,1,1,28,162624,NULL
955,1,2,28,162624,NULL
956,1,3,28,162624,NULL
957,1,4,28,162624,NULL
958,1,5,28,162624,NULL
959,1,6,28,162624,NULL
960,1,7,28,162624,NULL
961,1,8,28,162624,NULL
962,1,9,28,162624,NULL
963,1,10,28,162624,NULL
964,1,11,28,162624,NULL
965,1,12,28,162624,NULL
966,1,13,28,162624,NULL
967,1,14,28,162624,NULL
984,0,1,28,162814,NULL
985,0,2,28,162814,NULL
986,0,3,28,162814,NULL
987,0,4,28,162814,NULL
988,0,5,28,162814,NULL
989,0,6,28,162814,NULL
990,0,7,28,162814,NULL
991,0,8,28,162814,NULL
992,0,9,28,162814,NULL
993,0,10,28,162814,NULL
994,0,11,28,162814,NULL
995,0,12,28,162814,NULL
996,0,13,28,162814,NULL
997,0,14,28,162814,NULL
998,1,1,28,162814,NULL
999,1,2,28,162814,NULL
1000,1,3,28,162814,NULL
1001,1,4,28,162814,NULL
1002,1,5,28,162814,NULL
1003,1,6,28,162814,NULL
1004,1,7,28,162814,NULL
1005,1,8,28,162814,NULL
1006,1,9,28,162814,NULL
1007,1,10,28,162814,NULL
1008,1,11,28,162814,NULL
1009,1,12,28,162814,NULL
1010,1,13,28,162814,NULL
1011,1,14,28,162814,NULL
1020,0,1,35,162831,NULL
1021,0,2,42,162831,NULL
1022,0,3,35,162831,NULL
1023,0,4,42,162831,NULL
1024,1,1,35,162831,NULL
1025,1,2,42,162831,NULL
1026,1,3,35,162831,NULL
1027,1,4,42,162831,NULL
1028,0,1,35,162832,NULL
1029,0,2,42,162832,NULL
1030,0,3,35,162832,NULL
1031,0,4,42,162832,NULL
1032,1,1,35,162832,NULL
1033,1,2,42,162832,NULL
1034,1,3,35,162832,NULL
1035,1,4,42,162832,NULL
1036,0,1,35,162833,NULL
1037,0,2,42,162833,NULL
1038,0,3,35,162833,NULL
1039,0,4,42,162833,NULL
1040,1,1,35,162833,NULL
1041,1,2,42,162833,NULL
1042,1,3,35,162833,NULL
1043,1,4,42,162833,NULL
1044,0,1,35,162834,NULL
1045,0,2,42,162834,NULL
1046,0,3,35,162834,NULL
1047,0,4,42,162834,NULL
1048,1,1,35,162834,NULL
1049,1,2,42,162834,NULL
1050,1,3,35,162834,NULL
1051,1,4,42,162834,NULL
1052,0,1,35,162835,NULL
1053,0,2,42,162835,NULL
1054,0,3,35,162835,NULL
1055,0,4,42,162835,NULL
1056,1,1,35,162835,NULL
1057,1,2,42,162835,NULL
1058,1,3,35,162835,NULL
1059,1,4,42,162835,NULL
1060,0,1,35,162836,NULL
1061,0,2,42,162836,NULL
1062,0,3,35,162836,NULL
1063,0,4,42,162836,NULL
1064,1,1,35,162836,NULL
1065,1,2,42,162836,NULL
1066,1,3,35,162836,NULL
1067,1,4,42,162836,NULL
1068,0,1,35,162837,NULL
1069,0,2,42,162837,NULL
1070,0,3,35,162837,NULL
1071,0,4,42,162837,NULL
1072,1,1,35,162837,NULL
1073,1,2,42,162837,NULL
1074,1,3,35,162837,NULL
1075,1,4,42,162837,NULL
1076,0,1,35,162838,NULL
1077,0,2,42,162838,NULL
1078,0,3,35,162838,NULL
1079,0,4,42,162838,NULL
1080,1,1,35,162838,NULL
1081,1,2,42,162838,NULL
1082,1,3,35,162838,NULL
1083,1,4,42,162838,NULL
1084,0,1,35,162839,NULL
1085,0,2,42,162839,NULL
1086,0,3,35,162839,NULL
1087,0,4,42,162839,NULL
1088,1,1,35,162839,NULL
1089,1,2,42,162839,NULL
1090,1,3,35,162839,NULL
1091,1,4,42,162839,NULL
1092,0,1,35,162840,NULL
1093,0,2,42,162840,NULL
1094,0,3,35,162840,NULL
1095,0,4,42,162840,NULL
1096,1,1,35,162840,NULL
1097,1,2,42,162840,NULL
1098,1,3,35,162840,NULL
1099,1,4,42,162840,NULL
1110,0,2,35,162742,16b649a6-23f9-45fa-897d-b377017bcae9
1111,0,1,35,162742,d81a4f1f-a431-42f0-91bc-b377017bcae9
1112,1,1,35,162742,46e85f57-0e8c-4c02-9346-b377017bcae9
1113,1,2,35,162742,49ac5308-df9c-47b3-aae7-b377017bcae9
1114,0,4,35,162742,f60bd611-f252-4ff3-b14b-b377017bcae9
1115,1,3,35,162742,c1c56424-9409-4663-b6c4-b377017bcae9
1116,1,4,35,162742,53ad1d01-6a69-42d8-b9c5-b377017bcae9
1117,0,3,35,162742,5c70f649-6935-46c6-bda7-b377017bcae9
1118,0,1,35,162818,9d2606b3-4c9b-45dc-b2a5-b37c00b4a66d
1119,1,4,42,162818,4b1d2c77-531b-4767-82dc-b37c00b4a671
1120,1,2,42,162818,767b550a-5ef5-40f1-8469-b37c00b4a671
1121,0,2,42,162818,efefda31-8aaa-44cd-8a13-b37c00b4a671
1122,0,4,42,162818,3d1030ff-e36f-4171-a893-b37c00b4a671
1123,1,1,35,162818,fd7d0f6a-6401-4354-aa88-b37c00b4a671
1124,0,3,35,162818,a3e26eeb-65e0-4cb9-b881-b37c00b4a671
1125,1,3,35,162818,df837baa-b973-486d-bfc5-b37c00b4a671
1126,0,1,35,162797,091e7751-7f21-44fa-a743-b3790102833b
1127,1,1,35,162797,61c6249b-b715-40f3-87b6-b3790102833c
1128,1,2,42,162797,753408b4-f044-4dfe-9c06-b3790102833c
1129,0,3,35,162797,6d6a0dc0-8689-494b-9eb5-b3790102833c
1130,0,4,42,162797,81c2bac2-7e89-464b-a4c2-b3790102833c
1131,1,3,35,162797,de793663-e210-44c3-a4cf-b3790102833c
1132,0,2,42,162797,4ffe8441-e8dd-4fbf-b233-b3790102833c
1133,1,4,42,162797,88a5733a-6f3d-4b72-beba-b3790102833c
1134,1,1,35,162841,5f7f4b86-b487-4a7b-8480-b37d01439791
1135,0,3,35,162841,a293a066-74ac-4cb7-93ab-b37d01439791
1136,0,2,42,162841,c1bad597-1193-47cf-9525-b37d01439791
1137,1,2,42,162841,dbc619df-b28b-4201-986f-b37d01439791
1138,0,4,35,162841,a61b8a66-f169-4aa5-993b-b37d01439791
1139,1,5,42,162841,8ceee047-9c0a-4243-9976-b37d01439791
1140,0,1,35,162841,cae0cc4a-fe39-4971-a3db-b37d01439791
1141,0,5,42,162841,a2aaa4e7-7434-45e3-a578-b37d01439791
1142,1,3,35,162841,a3ba8ba8-f2b7-4110-adaa-b37d01439791
1143,1,4,35,162841,866b2b44-10d0-4ff1-bd02-b37d01439791
1152,0,3,14,163048,1d2397d5-30bd-488e-8189-b39a00010e39
1153,1,2,14,163048,0b01088d-2c73-4098-92a8-b39a00010e39
1154,1,4,14,163048,8293448f-097a-4f4c-942f-b39a00010e39
1155,0,1,14,163048,33c9e9cb-74b7-4fd9-99af-b39a00010e39
1156,0,4,14,163048,2f00b415-e755-4715-9d99-b39a00010e39
1157,1,3,14,163048,3f02e1f0-26dd-4c0d-b274-b39a00010e39
1158,0,2,14,163048,ab343435-895e-4f42-b442-b39a00010e39
1159,1,1,14,163048,15af83fd-039e-49e5-b89e-b39a00010e39

(973 rows affected)
